fname,aff/tps/homo,t1(A11/H11),t2(A12/H12),t3(A13/H13),t4(A21/H21),t5(A22/H22),t6(A23/H23),t7(H31),t8(H32),t9(H33),t10,t11,t12,t13,t14,t15,t16,t17,t18
tinyTimeMachine/1h/1HW-AyeuoDcuq2qIp1P40g/_201306/1HW-AyeuoDcuq2qIp1P40g__201306_35.656858_139.707458_030_012.jpg,2,16.126403824273687,9.064104916748931,-2690.5432157667724,1.3656748143525852,23.428245923097787,-2419.625463353675,0.0133026877576731,0.0304345432524671,1.0,0.0,0.0,0.0,0.0,0.0,0.0,0.0,0.0,0.0
tinyTimeMachine/1h/1HW-AyeuoDcuq2qIp1P40g/_201306/1HW-AyeuoDcuq2qIp1P40g__201306_35.656858_139.707458_090_012.jpg,2,0.9007952863142392,-0.0731319180115402,-28.85231249141593,-0.367840412443657,0.6366840147296992,205.093218900768,-0.0002856388593533,-0.0003235925575731,1.0,0.0,0.0,0.0,0.0,0.0,0.0,0.0,0.0,0.0
tinyTimeMachine/1h/1HW-AyeuoDcuq2qIp1P40g/_201306/1HW-AyeuoDcuq2qIp1P40g__201306_35.656858_139.707458_180_012.jpg,2,5.562488333506263,1.3558980607695,-993.248387431318,0.331653790314227,4.061711431435647,-432.56821528570936,0.0042466037540185,0.0027031698295828,1.0,0.0,0.0,0.0,0.0,0.0,0.0,0.0,0.0,0.0
tinyTimeMachine/1h/1HW-AyeuoDcuq2qIp1P40g/_201306/1HW-AyeuoDcuq2qIp1P40g__201306_35.656858_139.707458_150_012.jpg,2,1.2841400547113515,-0.7658390880736236,99.84100257426022,0.5592533315351782,0.3950434200279726,-87.63524399966822,0.0015175193995237,-0.0021202631645055,1.0,0.0,0.0,0.0,0.0,0.0,0.0,0.0,0.0,0.0
tinyTimeMachine/1h/1HW-AyeuoDcuq2qIp1P40g/_201306/1HW-AyeuoDcuq2qIp1P40g__201306_35.656858_139.707458_060_012.jpg,2,0.1049609545883746,-0.1308445284177224,219.66908028950368,-0.1901467014904052,0.4604602775503896,76.97613664418637,-0.001035555458101,-0.0002471215733918,1.0,0.0,0.0,0.0,0.0,0.0,0.0,0.0,0.0,0.0
tinyTimeMachine/1h/1HW-AyeuoDcuq2qIp1P40g/_201306/1HW-AyeuoDcuq2qIp1P40g__201306_35.656858_139.707458_120_012.jpg,2,1.3493955056841895,-0.7070503475290054,134.67074571478628,0.3336039200094315,0.3941582729575484,85.08972433291798,0.0011302055722448,-0.0012516934676326,1.0,0.0,0.0,0.0,0.0,0.0,0.0,0.0,0.0,0.0
tinyTimeMachine/1h/1HW-AyeuoDcuq2qIp1P40g/_201306/1HW-AyeuoDcuq2qIp1P40g__201306_35.656858_139.707458_330_012.jpg,2,0.3773331961469231,-0.0038746677069886,172.7691667104292,-0.0195547800712454,0.8713491533562004,-69.84327523989009,-0.0007079926448075,-1.156617225967437e-05,1.0,0.0,0.0,0.0,0.0,0.0,0.0,0.0,0.0,0.0
tinyTimeMachine/1h/1HW-AyeuoDcuq2qIp1P40g/_201306/1HW-AyeuoDcuq2qIp1P40g__201306_35.656858_139.707458_210_012.jpg,2,1.1486456999193548,0.8952997621419572,-174.67972107585132,0.3601157440349073,2.377183923234888,-381.8693610360048,-0.0006878231582942,0.0024116164183049,1.0,0.0,0.0,0.0,0.0,0.0,0.0,0.0,0.0,0.0
tinyTimeMachine/1h/1HW-AyeuoDcuq2qIp1P40g/_201306/1HW-AyeuoDcuq2qIp1P40g__201306_35.656858_139.707458_240_012.jpg,2,0.0897658156152598,-0.0787683801908845,135.4530711565558,-0.2975006936455869,0.3720186347638079,154.14216687794698,-0.0012359503114532,-0.0001326712312655,1.0,0.0,0.0,0.0,0.0,0.0,0.0,0.0,0.0,0.0
tinyTimeMachine/1h/1HW-AyeuoDcuq2qIp1P40g/_201306/1HW-AyeuoDcuq2qIp1P40g__201306_35.656858_139.707458_270_012.jpg,2,0.4384342169463552,-0.3916985633035874,144.53621625802475,-0.1710723286029445,0.1849501978841645,159.76748465035328,-0.0004707342008124,-0.0008770598527793,1.0,0.0,0.0,0.0,0.0,0.0,0.0,0.0,0.0,0.0
tinyTimeMachine/1h/1HW-AyeuoDcuq2qIp1P40g/_201306/1HW-AyeuoDcuq2qIp1P40g__201306_35.656858_139.707458_300_012.jpg,2,1.3395936860734907,-0.1068818154822014,-108.04301645285813,0.3827664770643642,1.069829963773176,-178.0729631521656,0.0009217926069329,-0.0010982108720925,1.0,0.0,0.0,0.0,0.0,0.0,0.0,0.0,0.0,0.0
tinyTimeMachine/1h/1HW-AyeuoDcuq2qIp1P40g/_201306/1HW-AyeuoDcuq2qIp1P40g__201306_35.656858_139.707458_000_012.jpg,2,32.10180704175707,1.9867429334480489,-6926.859439694586,10.315757320475829,11.371717660554571,-3077.144163037049,0.0353208104055014,-0.0028118334498395,1.0,0.0,0.0,0.0,0.0,0.0,0.0,0.0,0.0,0.0
tinyTimeMachine/1h/1HW-AyeuoDcuq2qIp1P40g/_200912/1HW-AyeuoDcuq2qIp1P40g__200912_35.656858_139.707458_060_012.jpg,2,0.3799616949675437,-0.069067480980053,172.77295409181585,0.0308139759128986,0.9141101854262637,-39.74012843877377,-0.0006448455745514,0.0002838525846857,1.0,0.0,0.0,0.0,0.0,0.0,0.0,0.0,0.0,0.0
tinyTimeMachine/1h/1HW-AyeuoDcuq2qIp1P40g/_200912/1HW-AyeuoDcuq2qIp1P40g__200912_35.656858_139.707458_150_012.jpg,2,1.4562519209859603,0.3012795831832514,-180.60251041877632,0.2565610964409424,1.697834009189927,-178.74134688792873,-0.0001414919739968,0.0010927586955252,1.0,0.0,0.0,0.0,0.0,0.0,0.0,0.0,0.0,0.0
tinyTimeMachine/1h/1HW-AyeuoDcuq2qIp1P40g/_200912/1HW-AyeuoDcuq2qIp1P40g__200912_35.656858_139.707458_120_012.jpg,2,-7.128895323641893,-3.37391167316711,1938.303037466041,-1.3982734507347598,-5.568589213253026,809.1406453138001,-0.0072440215892527,-0.0073375881495489,1.0,0.0,0.0,0.0,0.0,0.0,0.0,0.0,0.0,0.0
tinyTimeMachine/1h/1HW-AyeuoDcuq2qIp1P40g/_200912/1HW-AyeuoDcuq2qIp1P40g__200912_35.656858_139.707458_030_012.jpg,2,1.014559881391016,0.3159926069014028,-122.7164618866984,0.0941535248590639,1.6276305988644282,-161.70533162240332,-0.0006347743198018,0.0011583125432553,1.0,0.0,0.0,0.0,0.0,0.0,0.0,0.0,0.0,0.0
tinyTimeMachine/1h/1HW-AyeuoDcuq2qIp1P40g/_200912/1HW-AyeuoDcuq2qIp1P40g__200912_35.656858_139.707458_090_012.jpg,2,1.0173625033413525,-0.7976639814676036,172.6902103509956,0.4095524772273944,0.4197385538479224,-65.76457343778998,0.0004373591858555,-0.0013073959921393,1.0,0.0,0.0,0.0,0.0,0.0,0.0,0.0,0.0,0.0
tinyTimeMachine/1h/1HW-AyeuoDcuq2qIp1P40g/_200912/1HW-AyeuoDcuq2qIp1P40g__200912_35.656858_139.707458_000_012.jpg,2,1.4101105336704511,0.2277622950391157,-13.04135592157565,0.2209001271765425,1.480738644392542,-91.98326608156384,0.0005772662804269,0.0006279013780074,1.0,0.0,0.0,0.0,0.0,0.0,0.0,0.0,0.0,0.0
tinyTimeMachine/gn/gNI7WzniVqgc1hU7IqKk0A/_201306/gNI7WzniVqgc1hU7IqKk0A__201306_35.652702_139.681841_330_012.jpg,2,4.799230952215178,4.973759254101998,-1182.921673745041,0.7161316306559229,7.727385469609429,-1015.1871707396324,0.0015931173462677,0.01235862594475,1.0,0.0,0.0,0.0,0.0,0.0,0.0,0.0,0.0,0.0
tinyTimeMachine/gn/gNI7WzniVqgc1hU7IqKk0A/_201306/gNI7WzniVqgc1hU7IqKk0A__201306_35.652702_139.681841_090_012.jpg,2,1.9837747069805245,-0.049689178005732,-248.5869320040847,0.2892213091091111,1.6018538655478525,-166.76035720472274,0.0007987066725687,0.0003905322786556,1.0,0.0,0.0,0.0,0.0,0.0,0.0,0.0,0.0,0.0
tinyTimeMachine/gn/gNI7WzniVqgc1hU7IqKk0A/_201306/gNI7WzniVqgc1hU7IqKk0A__201306_35.652702_139.681841_270_012.jpg,2,1.4793529690087328,1.7146916646952153,-334.8175254317442,-0.3301681649712261,3.0742999369134862,-159.18953394842356,-8.102673290753186e-05,0.0039198407065688,1.0,0.0,0.0,0.0,0.0,0.0,0.0,0.0,0.0,0.0
tinyTimeMachine/gn/gNI7WzniVqgc1hU7IqKk0A/_201306/gNI7WzniVqgc1hU7IqKk0A__201306_35.652702_139.681841_210_012.jpg,2,1.9888895108948723,0.1539401513230968,-129.0247137583847,0.3770004807739981,1.9378182520683456,-189.22550275458545,0.0014501427503565,0.0004887319970451,1.0,0.0,0.0,0.0,0.0,0.0,0.0,0.0,0.0,0.0
tinyTimeMachine/gn/gNI7WzniVqgc1hU7IqKk0A/_201306/gNI7WzniVqgc1hU7IqKk0A__201306_35.652702_139.681841_120_012.jpg,2,1.3397695735043211,-0.7190567968290817,104.78020641343647,0.5931723824028455,0.3591453323360001,-71.20986040305701,0.0012195358224695,-0.0018866899384398,1.0,0.0,0.0,0.0,0.0,0.0,0.0,0.0,0.0,0.0
tinyTimeMachine/gn/gNI7WzniVqgc1hU7IqKk0A/_201306/gNI7WzniVqgc1hU7IqKk0A__201306_35.652702_139.681841_300_012.jpg,2,0.3966594738061933,-0.5669045339070121,226.04601782591445,-0.0415691669971293,0.1301964927363421,129.98881162912355,-0.0005724269084624,-0.0008174163756391,1.0,0.0,0.0,0.0,0.0,0.0,0.0,0.0,0.0,0.0
tinyTimeMachine/gn/gNI7WzniVqgc1hU7IqKk0A/_201306/gNI7WzniVqgc1hU7IqKk0A__201306_35.652702_139.681841_150_012.jpg,2,0.5627659678300883,-0.0550309401108634,-0.1372686811913723,-0.1729742523619992,0.3051236628406476,178.25134691965337,-0.0006905403295073,-0.0004367728585929,1.0,0.0,0.0,0.0,0.0,0.0,0.0,0.0,0.0,0.0
tinyTimeMachine/gn/gNI7WzniVqgc1hU7IqKk0A/_201306/gNI7WzniVqgc1hU7IqKk0A__201306_35.652702_139.681841_060_012.jpg,2,0.5894037646346416,-0.2316194029716206,86.77913680863823,-0.1165473472013959,0.7727294607412091,28.52220427936904,-0.0005789873983505,-0.0002364761760578,1.0,0.0,0.0,0.0,0.0,0.0,0.0,0.0,0.0,0.0
tinyTimeMachine/gn/gNI7WzniVqgc1hU7IqKk0A/_201306/gNI7WzniVqgc1hU7IqKk0A__201306_35.652702_139.681841_030_012.jpg,2,-9.617044476364418,0.1249676219181866,1827.4478065320911,-2.955110242462712,-3.081545670756036,866.9428968375281,-0.0132531011007236,-0.0001255877112424,1.0,0.0,0.0,0.0,0.0,0.0,0.0,0.0,0.0,0.0
tinyTimeMachine/gn/gNI7WzniVqgc1hU7IqKk0A/_201306/gNI7WzniVqgc1hU7IqKk0A__201306_35.652702_139.681841_000_012.jpg,2,-12.293069277317148,-5.831599747498628,3481.5121654041827,-2.3208700121528305,-10.100915160158983,1699.453652454814,-0.0117702803961942,-0.011510537683158,1.0,0.0,0.0,0.0,0.0,0.0,0.0,0.0,0.0,0.0
tinyTimeMachine/gn/gNI7WzniVqgc1hU7IqKk0A/_201306/gNI7WzniVqgc1hU7IqKk0A__201306_35.652702_139.681841_240_012.jpg,2,0.7695104696886371,-0.2334445062740948,147.48839730293713,-0.0747464381699326,0.7492297389423535,101.7985011526779,-3.151706699361736e-05,-0.0001460424601138,1.0,0.0,0.0,0.0,0.0,0.0,0.0,0.0,0.0,0.0
tinyTimeMachine/gn/gNI7WzniVqgc1hU7IqKk0A/_201306/gNI7WzniVqgc1hU7IqKk0A__201306_35.652702_139.681841_180_012.jpg,2,-5.193616459640293,-1.979595766634512,1428.7407884435424,-0.9802050299625804,-3.5658880783415885,660.346869712342,-0.0059618513668061,-0.0042672484808251,1.0,0.0,0.0,0.0,0.0,0.0,0.0,0.0,0.0,0.0
tinyTimeMachine/gn/gNI7WzniVqgc1hU7IqKk0A/_200909/gNI7WzniVqgc1hU7IqKk0A__200909_35.652702_139.681841_150_012.jpg,2,0.2561895295277406,-0.4767316123738351,207.653474027862,-0.111618921267281,0.1999681574419614,83.2334603757842,-0.0003449212110087,-0.0013478286284468,1.0,0.0,0.0,0.0,0.0,0.0,0.0,0.0,0.0,0.0
tinyTimeMachine/gn/gNI7WzniVqgc1hU7IqKk0A/_200909/gNI7WzniVqgc1hU7IqKk0A__200909_35.652702_139.681841_090_012.jpg,2,1.7365203664727142,-0.4447350501423742,-101.54314720812556,0.5434412529404522,0.9735514423672316,-107.43246254797856,0.0012251867442532,-0.0010497915892864,1.0,0.0,0.0,0.0,0.0,0.0,0.0,0.0,0.0,0.0
tinyTimeMachine/gn/gNI7WzniVqgc1hU7IqKk0A/_200909/gNI7WzniVqgc1hU7IqKk0A__200909_35.652702_139.681841_120_012.jpg,2,0.3092714187866875,-0.2881368581548034,233.5451908952787,-0.3068270747803932,0.9397205377905672,50.96418542558391,-0.0007710721355245,-1.4472860074274788e-05,1.0,0.0,0.0,0.0,0.0,0.0,0.0,0.0,0.0,0.0
tinyTimeMachine/gn/gNI7WzniVqgc1hU7IqKk0A/_200909/gNI7WzniVqgc1hU7IqKk0A__200909_35.652702_139.681841_060_012.jpg,2,0.6587682672233799,-0.6288293512719387,223.3109719322664,-0.048287326992964,0.4509085285703222,91.81776849918812,-0.0001140493311683,-0.0006533673548287,1.0,0.0,0.0,0.0,0.0,0.0,0.0,0.0,0.0,0.0
tinyTimeMachine/gn/gNI7WzniVqgc1hU7IqKk0A/_200909/gNI7WzniVqgc1hU7IqKk0A__200909_35.652702_139.681841_000_012.jpg,2,3.358230132428132,0.2798404914286225,-640.5929747353483,0.1033283689560964,2.2410322550348245,-205.34299821550889,0.0014904312746821,0.0009330569382762,1.0,0.0,0.0,0.0,0.0,0.0,0.0,0.0,0.0,0.0
tinyTimeMachine/gn/gNI7WzniVqgc1hU7IqKk0A/_200909/gNI7WzniVqgc1hU7IqKk0A__200909_35.652702_139.681841_030_012.jpg,2,6.2233761329306825,-0.2636581067472239,-1105.97280966771,2.176780074155515,2.2710536253777147,-481.37311178249655,0.0064628536116453,-0.0009126384692849,1.0,0.0,0.0,0.0,0.0,0.0,0.0,0.0,0.0,0.0
tinyTimeMachine/h1/h198s7UkSyPYh2h8VoK8Bg/_201306/h198s7UkSyPYh2h8VoK8Bg__201306_35.652671_139.681016_060_012.jpg,2,0.3738923017618623,-0.2470877312601882,208.6836367039397,-0.1904697843762465,0.5215289522294677,120.0078143278241,-0.0001835486897018,-0.0006556504029714,1.0,0.0,0.0,0.0,0.0,0.0,0.0,0.0,0.0,0.0
tinyTimeMachine/h1/h198s7UkSyPYh2h8VoK8Bg/_201306/h198s7UkSyPYh2h8VoK8Bg__201306_35.652671_139.681016_030_012.jpg,2,0.9719212232368616,-0.0201327275908621,-34.485777797948195,-0.041440107322695,0.9276295465789074,62.20414644104213,-0.0001574303903841,5.562720483561479e-05,1.0,0.0,0.0,0.0,0.0,0.0,0.0,0.0,0.0,0.0
tinyTimeMachine/h1/h198s7UkSyPYh2h8VoK8Bg/_201306/h198s7UkSyPYh2h8VoK8Bg__201306_35.652671_139.681016_270_012.jpg,2,2.5343697061092048,0.4468504535640539,-149.73783265984432,0.9078113903513132,2.4301881695906298,-416.67530683326345,0.0013411935594088,0.0026942382789791,1.0,0.0,0.0,0.0,0.0,0.0,0.0,0.0,0.0,0.0
tinyTimeMachine/h1/h198s7UkSyPYh2h8VoK8Bg/_201306/h198s7UkSyPYh2h8VoK8Bg__201306_35.652671_139.681016_330_012.jpg,2,0.654008366753962,-0.5289321951342822,189.7653593613584,-0.0497196146401378,0.3125658396906423,85.4125210328553,0.0003488607466821,-0.0015811014258061,1.0,0.0,0.0,0.0,0.0,0.0,0.0,0.0,0.0,0.0
tinyTimeMachine/h1/h198s7UkSyPYh2h8VoK8Bg/_201306/h198s7UkSyPYh2h8VoK8Bg__201306_35.652671_139.681016_300_012.jpg,2,1.5948140882731976,0.3392523940718564,-143.16458493560197,0.3828456355039777,0.9184605980068687,-0.9823012295668648,0.001120573279205,1.2371940277210945e-05,1.0,0.0,0.0,0.0,0.0,0.0,0.0,0.0,0.0,0.0
tinyTimeMachine/h1/h198s7UkSyPYh2h8VoK8Bg/_201306/h198s7UkSyPYh2h8VoK8Bg__201306_35.652671_139.681016_210_012.jpg,2,8.808366662626842,11.50351472548793,-2989.675433280846,-1.1864204050302836,17.419772350826328,-1576.1552539086324,0.003266559320371,0.0261043394451468,1.0,0.0,0.0,0.0,0.0,0.0,0.0,0.0,0.0,0.0
tinyTimeMachine/h1/h198s7UkSyPYh2h8VoK8Bg/_201306/h198s7UkSyPYh2h8VoK8Bg__201306_35.652671_139.681016_240_012.jpg,2,0.1614692672599608,-0.6591745940313388,269.78223615738534,-0.1242277189855595,0.0413856282247544,116.59428818296672,-0.0003177024061223,-0.0017018547212432,1.0,0.0,0.0,0.0,0.0,0.0,0.0,0.0,0.0,0.0
tinyTimeMachine/h1/h198s7UkSyPYh2h8VoK8Bg/_201306/h198s7UkSyPYh2h8VoK8Bg__201306_35.652671_139.681016_090_012.jpg,2,0.2944855686860331,0.2882797131797726,106.91418822943592,-0.1449025465301913,0.8476682432993163,32.95740163130304,-0.000871907139754,0.0005186291594058,1.0,0.0,0.0,0.0,0.0,0.0,0.0,0.0,0.0,0.0
tinyTimeMachine/h1/h198s7UkSyPYh2h8VoK8Bg/_201306/h198s7UkSyPYh2h8VoK8Bg__201306_35.652671_139.681016_150_012.jpg,2,0.3397769449174358,-0.2715727141430199,150.31560531654898,-0.4281627298936481,0.3946291002390789,206.16709429099973,-0.0007067511177775,-0.0006795482006968,1.0,0.0,0.0,0.0,0.0,0.0,0.0,0.0,0.0,0.0
tinyTimeMachine/h1/h198s7UkSyPYh2h8VoK8Bg/_201306/h198s7UkSyPYh2h8VoK8Bg__201306_35.652671_139.681016_000_012.jpg,2,0.1105641764825164,0.0413709901428869,138.7416932051038,-0.3990163885197838,0.451361568433169,185.9480687371885,-0.0011266262771859,-0.0001157256217952,1.0,0.0,0.0,0.0,0.0,0.0,0.0,0.0,0.0,0.0
tinyTimeMachine/h1/h198s7UkSyPYh2h8VoK8Bg/_201306/h198s7UkSyPYh2h8VoK8Bg__201306_35.652671_139.681016_120_012.jpg,2,0.3501310551726628,-0.106242044098879,98.05997023766564,-0.2065692297878504,0.2907896728714602,147.33979040693114,-0.0006762218407515,-0.0004980620210392,1.0,0.0,0.0,0.0,0.0,0.0,0.0,0.0,0.0,0.0
tinyTimeMachine/h1/h198s7UkSyPYh2h8VoK8Bg/_201306/h198s7UkSyPYh2h8VoK8Bg__201306_35.652671_139.681016_180_012.jpg,2,0.4220895445401582,0.23335912381149,195.00698406148368,0.0874856003163606,1.4433937690204777,-134.66098932274068,-0.0002802565292893,0.0007225632296556,1.0,0.0,0.0,0.0,0.0,0.0,0.0,0.0,0.0,0.0
tinyTimeMachine/h1/h198s7UkSyPYh2h8VoK8Bg/_200909/h198s7UkSyPYh2h8VoK8Bg__200909_35.652671_139.681016_090_012.jpg,2,0.4254194107092557,-0.0623758199907983,83.35361204070568,-0.3798838319507536,0.4529504096195195,187.18724680702945,-0.0005633968705384,-0.000512113882958,1.0,0.0,0.0,0.0,0.0,0.0,0.0,0.0,0.0,0.0
tinyTimeMachine/h1/h198s7UkSyPYh2h8VoK8Bg/_200909/h198s7UkSyPYh2h8VoK8Bg__200909_35.652671_139.681016_150_012.jpg,2,0.8505538556180556,2.3024799669244604,-296.3484716540989,-0.3794501856172003,3.2920150317972734,-196.2052920874342,-0.0011827437257658,0.0045871681793003,1.0,0.0,0.0,0.0,0.0,0.0,0.0,0.0,0.0,0.0
tinyTimeMachine/h1/h198s7UkSyPYh2h8VoK8Bg/_200909/h198s7UkSyPYh2h8VoK8Bg__200909_35.652671_139.681016_030_012.jpg,2,2.6159612756952177,1.0908617063004928,-525.1827214772654,0.8753787731843925,4.076254315751459,-756.4568528312833,0.0001375005926749,0.0042615485411576,1.0,0.0,0.0,0.0,0.0,0.0,0.0,0.0,0.0,0.0
tinyTimeMachine/h1/h198s7UkSyPYh2h8VoK8Bg/_200909/h198s7UkSyPYh2h8VoK8Bg__200909_35.652671_139.681016_000_012.jpg,2,1.2850674480135056,-0.7025650080336715,86.95635921814112,0.2943507827853644,0.4790069060834744,35.0684522228696,0.001048402892123,-0.0015456663524016,1.0,0.0,0.0,0.0,0.0,0.0,0.0,0.0,0.0,0.0
tinyTimeMachine/h1/h198s7UkSyPYh2h8VoK8Bg/_200909/h198s7UkSyPYh2h8VoK8Bg__200909_35.652671_139.681016_120_012.jpg,2,0.2422758038716508,-0.2272932245787235,225.8028008266677,-0.1957481209578782,0.4069218668065646,154.45100095622342,-0.0005047378154198,-0.0004648949249336,1.0,0.0,0.0,0.0,0.0,0.0,0.0,0.0,0.0,0.0
tinyTimeMachine/h1/h198s7UkSyPYh2h8VoK8Bg/_200909/h198s7UkSyPYh2h8VoK8Bg__200909_35.652671_139.681016_060_012.jpg,2,1.128085030811539,0.3056179963476738,-135.50547779399466,-0.14741766066989,1.0741763357526766,68.00072416539531,0.0002556131439468,-0.0002399105778888,1.0,0.0,0.0,0.0,0.0,0.0,0.0,0.0,0.0,0.0
tinyTimeMachine/3s/3SDUy-jOq1A6uvGBwPZQiQ/_201306/3SDUy-jOq1A6uvGBwPZQiQ__201306_35.657303_139.689241_120_012.jpg,2,0.0946533530736072,-0.2208200945980363,165.72542003526502,-0.4054129099156067,0.2519478269066653,218.9579698572705,-0.001041458728416,-0.0005058791074735,1.0,0.0,0.0,0.0,0.0,0.0,0.0,0.0,0.0,0.0
tinyTimeMachine/3s/3SDUy-jOq1A6uvGBwPZQiQ/_201306/3SDUy-jOq1A6uvGBwPZQiQ__201306_35.657303_139.689241_060_012.jpg,2,2.8071217127908565,2.2123405158566163,-394.27956767175937,1.2581958950453305,4.92590871540684,-886.8465510119729,0.0020439540266058,0.0057368396897516,1.0,0.0,0.0,0.0,0.0,0.0,0.0,0.0,0.0,0.0
tinyTimeMachine/3s/3SDUy-jOq1A6uvGBwPZQiQ/_201306/3SDUy-jOq1A6uvGBwPZQiQ__201306_35.657303_139.689241_300_012.jpg,2,11.353784642736418,11.75933082387376,-3579.189790668611,0.4002489793028638,21.580492491287814,-3057.202440233184,0.002171193920657,0.0295854671606921,1.0,0.0,0.0,0.0,0.0,0.0,0.0,0.0,0.0,0.0
tinyTimeMachine/3s/3SDUy-jOq1A6uvGBwPZQiQ/_201306/3SDUy-jOq1A6uvGBwPZQiQ__201306_35.657303_139.689241_210_012.jpg,2,-2.1293329327926203,-3.3142993040604685,915.279226956393,-0.678061215974914,-5.184757756304336,926.3925299153876,-0.0014915969892688,-0.0090205110232146,1.0,0.0,0.0,0.0,0.0,0.0,0.0,0.0,0.0,0.0
tinyTimeMachine/3s/3SDUy-jOq1A6uvGBwPZQiQ/_201306/3SDUy-jOq1A6uvGBwPZQiQ__201306_35.657303_139.689241_180_012.jpg,2,1.2417088159915717,-0.5628377915414813,73.03459151490215,-0.0928209975617033,1.0371374310228885,2.316250744878112,0.0009039784394783,-0.0008616733904875,1.0,0.0,0.0,0.0,0.0,0.0,0.0,0.0,0.0,0.0
tinyTimeMachine/3s/3SDUy-jOq1A6uvGBwPZQiQ/_201306/3SDUy-jOq1A6uvGBwPZQiQ__201306_35.657303_139.689241_330_012.jpg,2,0.6527817004354349,0.7567648103783544,-76.64302380371605,-0.2047185550301169,2.052640390143225,-159.96319593072232,-0.0010773904478594,0.0018248637044018,1.0,0.0,0.0,0.0,0.0,0.0,0.0,0.0,0.0,0.0
tinyTimeMachine/3s/3SDUy-jOq1A6uvGBwPZQiQ/_201306/3SDUy-jOq1A6uvGBwPZQiQ__201306_35.657303_139.689241_090_012.jpg,2,0.0674524528122771,-0.3162843674146706,213.93794682420327,-0.1783655514524429,0.3272431825105124,77.89548305748995,-0.0009938835806492,-0.0005799814461239,1.0,0.0,0.0,0.0,0.0,0.0,0.0,0.0,0.0,0.0
tinyTimeMachine/3s/3SDUy-jOq1A6uvGBwPZQiQ/_201306/3SDUy-jOq1A6uvGBwPZQiQ__201306_35.657303_139.689241_150_012.jpg,2,0.8954472205891677,0.071986188159797,-73.89212462705642,0.0367697847466795,0.7646837602044099,-4.811570137021832,-6.518325926979998e-05,-0.0006274201684515,1.0,0.0,0.0,0.0,0.0,0.0,0.0,0.0,0.0,0.0
tinyTimeMachine/3s/3SDUy-jOq1A6uvGBwPZQiQ/_201306/3SDUy-jOq1A6uvGBwPZQiQ__201306_35.657303_139.689241_270_012.jpg,2,2.6940473934578586,0.2680336474165523,-453.0950940289402,0.0389437590663789,2.257897548321352,-214.17347325501183,0.0018666387868808,0.0002744416419451,1.0,0.0,0.0,0.0,0.0,0.0,0.0,0.0,0.0,0.0
tinyTimeMachine/3s/3SDUy-jOq1A6uvGBwPZQiQ/_201306/3SDUy-jOq1A6uvGBwPZQiQ__201306_35.657303_139.689241_240_012.jpg,2,1.2530215470161956,-0.2409467778770719,11.151134941910543,0.0276349170886729,1.34038092046471,-116.77466785820856,-2.8671432826919207e-05,0.0004112054413663,1.0,0.0,0.0,0.0,0.0,0.0,0.0,0.0,0.0,0.0
tinyTimeMachine/3s/3SDUy-jOq1A6uvGBwPZQiQ/_201306/3SDUy-jOq1A6uvGBwPZQiQ__201306_35.657303_139.689241_000_012.jpg,2,2.8054132982890407,0.6843448422338533,-389.61027438176905,0.6796111929699135,2.30748045345342,-323.8755525467108,0.0014210239868318,0.0019377298129638,1.0,0.0,0.0,0.0,0.0,0.0,0.0,0.0,0.0,0.0
tinyTimeMachine/3s/3SDUy-jOq1A6uvGBwPZQiQ/_201306/3SDUy-jOq1A6uvGBwPZQiQ__201306_35.657303_139.689241_030_012.jpg,2,0.6980583029745235,0.7985658191530114,-59.74347057060543,0.0669251562264634,1.8725946892145189,-158.36422121753213,-0.0012020397739025,0.0023261597907318,1.0,0.0,0.0,0.0,0.0,0.0,0.0,0.0,0.0,0.0
tinyTimeMachine/3s/3SDUy-jOq1A6uvGBwPZQiQ/_200909/3SDUy-jOq1A6uvGBwPZQiQ__200909_35.657303_139.689241_060_012.jpg,2,-14.684697168195,-3.1232994054217245,2693.115993147216,-4.387508817897783,-15.775748261614304,3239.1752494205152,-0.0192566092243607,-0.012139305989452,1.0,0.0,0.0,0.0,0.0,0.0,0.0,0.0,0.0,0.0
tinyTimeMachine/3s/3SDUy-jOq1A6uvGBwPZQiQ/_200909/3SDUy-jOq1A6uvGBwPZQiQ__200909_35.657303_139.689241_030_012.jpg,2,-4.464039510864418,-19.137744506967348,3324.09730342015,1.250459782714643,-26.83080909578176,3146.298450745487,0.006117241547306,-0.048213241742182,1.0,0.0,0.0,0.0,0.0,0.0,0.0,0.0,0.0,0.0
tinyTimeMachine/3s/3SDUy-jOq1A6uvGBwPZQiQ/_200909/3SDUy-jOq1A6uvGBwPZQiQ__200909_35.657303_139.689241_150_012.jpg,2,0.7783859619353515,-0.1449982403014907,17.571667387652536,-0.1958814151746765,0.6915173454249828,61.754375417011175,-0.0001858332399366,-0.0005840784993123,1.0,0.0,0.0,0.0,0.0,0.0,0.0,0.0,0.0,0.0
tinyTimeMachine/3s/3SDUy-jOq1A6uvGBwPZQiQ/_200909/3SDUy-jOq1A6uvGBwPZQiQ__200909_35.657303_139.689241_120_012.jpg,2,1.4217290344217508,0.105658907758262,-192.847230025955,-0.1322624938029189,1.2763106220411995,2.805111255844494,-0.0001294096489778,0.000180849478149,1.0,0.0,0.0,0.0,0.0,0.0,0.0,0.0,0.0,0.0
tinyTimeMachine/3s/3SDUy-jOq1A6uvGBwPZQiQ/_200909/3SDUy-jOq1A6uvGBwPZQiQ__200909_35.657303_139.689241_000_012.jpg,2,1.526992330434679,0.1446512651817546,-119.37365976513652,-0.0075712814850588,1.2142997548416314,65.45395979522871,0.0008199195783032,-0.0001336432792828,1.0,0.0,0.0,0.0,0.0,0.0,0.0,0.0,0.0,0.0
tinyTimeMachine/3s/3SDUy-jOq1A6uvGBwPZQiQ/_200909/3SDUy-jOq1A6uvGBwPZQiQ__200909_35.657303_139.689241_090_012.jpg,2,2.202332431605104,-0.0926295360923998,-197.9895985146521,0.9125573978318672,1.4800699754437467,-359.5005669907638,0.0015865093466962,-0.0006252204409483,1.0,0.0,0.0,0.0,0.0,0.0,0.0,0.0,0.0,0.0
tinyTimeMachine/cl/cL957W5uHWIliH8qovkdRA/_201504/cL957W5uHWIliH8qovkdRA__201504_35.650681_139.713461_000_012.jpg,2,0.5989737153405482,0.0068805943030476,-13.841008328686785,-0.0249001714291787,0.400438392573947,106.5216977556183,-0.0005206621570606,-0.0005045823232143,1.0,0.0,0.0,0.0,0.0,0.0,0.0,0.0,0.0,0.0
tinyTimeMachine/cl/cL957W5uHWIliH8qovkdRA/_201504/cL957W5uHWIliH8qovkdRA__201504_35.650681_139.713461_060_012.jpg,2,6.3696931840203055,3.4386512232034945,-1537.8472633647891,2.0676545499847374,7.503164133514179,-1398.909470944868,0.0051009108274963,0.0059129961333665,1.0,0.0,0.0,0.0,0.0,0.0,0.0,0.0,0.0,0.0
tinyTimeMachine/cl/cL957W5uHWIliH8qovkdRA/_201504/cL957W5uHWIliH8qovkdRA__201504_35.650681_139.713461_090_012.jpg,2,2.3997968718261307,0.8760257972780887,-349.23912248629074,0.7564493195206116,2.54194088970141,-331.33735527117403,0.0022344099126548,0.0011933780215316,1.0,0.0,0.0,0.0,0.0,0.0,0.0,0.0,0.0,0.0
tinyTimeMachine/cl/cL957W5uHWIliH8qovkdRA/_201504/cL957W5uHWIliH8qovkdRA__201504_35.650681_139.713461_150_012.jpg,2,2.8094875238931776,-0.2302155981470922,-278.1533502092292,-0.0037919099033934,1.7620438773225966,-59.14856641008529,0.0019966937025365,-8.997606378398332e-05,1.0,0.0,0.0,0.0,0.0,0.0,0.0,0.0,0.0,0.0
tinyTimeMachine/cl/cL957W5uHWIliH8qovkdRA/_201504/cL957W5uHWIliH8qovkdRA__201504_35.650681_139.713461_030_012.jpg,2,0.8416399939033476,0.9376403705341492,9.2509116605643,0.1036556486425369,2.353624472685472,-273.47336439592004,-0.0002730258061347,0.0022722234188751,1.0,0.0,0.0,0.0,0.0,0.0,0.0,0.0,0.0,0.0
tinyTimeMachine/cl/cL957W5uHWIliH8qovkdRA/_201504/cL957W5uHWIliH8qovkdRA__201504_35.650681_139.713461_120_012.jpg,2,-5.5666085218804335,-0.7055277062728553,1342.035266224075,-2.1550715801833342,-2.9511860407351835,933.3372578241348,-0.0067730208192204,-0.0024195005193514,1.0,0.0,0.0,0.0,0.0,0.0,0.0,0.0,0.0,0.0
tinyTimeMachine/cl/cL957W5uHWIliH8qovkdRA/_201506/cL957W5uHWIliH8qovkdRA__201506_35.650681_139.713461_180_012.jpg,2,1.7281438171901806,0.8485639823873744,-288.9432476171466,0.4187691784276789,1.94955865533826,-203.7106264252443,0.0004970847038465,0.0011481879450883,1.0,0.0,0.0,0.0,0.0,0.0,0.0,0.0,0.0,0.0
tinyTimeMachine/cl/cL957W5uHWIliH8qovkdRA/_201506/cL957W5uHWIliH8qovkdRA__201506_35.650681_139.713461_270_012.jpg,2,1.7010232348256722,-0.0964933642176483,-27.306437386393,0.022963501279607,0.972144031375206,96.83922257418584,0.0006527444348144,0.0004268005839386,1.0,0.0,0.0,0.0,0.0,0.0,0.0,0.0,0.0,0.0
tinyTimeMachine/cl/cL957W5uHWIliH8qovkdRA/_201506/cL957W5uHWIliH8qovkdRA__201506_35.650681_139.713461_210_012.jpg,2,6.716030794248109,1.4631859511703575,-1401.5145717275689,2.9553455654097984,7.487384514962839,-1729.4254289066675,0.0043584370144078,0.0065386465259352,1.0,0.0,0.0,0.0,0.0,0.0,0.0,0.0,0.0,0.0
tinyTimeMachine/cl/cL957W5uHWIliH8qovkdRA/_201506/cL957W5uHWIliH8qovkdRA__201506_35.650681_139.713461_090_012.jpg,2,0.7782796446121051,-0.3124410582220597,123.78607236809285,-0.1195758397996973,0.7219958306447674,43.82127363875447,0.0001713792513911,-0.0009918763753081,1.0,0.0,0.0,0.0,0.0,0.0,0.0,0.0,0.0,0.0
tinyTimeMachine/cl/cL957W5uHWIliH8qovkdRA/_201506/cL957W5uHWIliH8qovkdRA__201506_35.650681_139.713461_000_012.jpg,2,11.821616263792324,-0.9067176218214634,-1666.855017614822,4.6898966072528285,4.333683595521249,-1180.1510516585688,0.0156760496238676,-0.0007848198402455,1.0,0.0,0.0,0.0,0.0,0.0,0.0,0.0,0.0,0.0
tinyTimeMachine/cl/cL957W5uHWIliH8qovkdRA/_201506/cL957W5uHWIliH8qovkdRA__201506_35.650681_139.713461_030_012.jpg,2,0.9698917626103338,-0.646089480961916,116.09669541984135,0.2052075328051901,0.3495285412970828,-20.63380281690116,0.000874446064454,-0.0020962508007418,1.0,0.0,0.0,0.0,0.0,0.0,0.0,0.0,0.0,0.0
tinyTimeMachine/cl/cL957W5uHWIliH8qovkdRA/_201506/cL957W5uHWIliH8qovkdRA__201506_35.650681_139.713461_150_012.jpg,2,0.3155862549560886,0.4081335156951993,21.44649076689852,-0.4295250069823304,0.8841765343311596,145.33636722086842,-0.0008881069144159,0.0001758415752119,1.0,0.0,0.0,0.0,0.0,0.0,0.0,0.0,0.0,0.0
tinyTimeMachine/cl/cL957W5uHWIliH8qovkdRA/_201506/cL957W5uHWIliH8qovkdRA__201506_35.650681_139.713461_120_012.jpg,2,5.085264249102652,0.4056429560235689,-750.4997856315797,0.8274920598354798,3.974648265108809,-587.6211309695375,0.0066000951326633,-1.8930546756801845e-05,1.0,0.0,0.0,0.0,0.0,0.0,0.0,0.0,0.0,0.0
tinyTimeMachine/cl/cL957W5uHWIliH8qovkdRA/_201506/cL957W5uHWIliH8qovkdRA__201506_35.650681_139.713461_300_012.jpg,2,0.7773298604473287,4.5751478897172895,-641.5755432358369,-1.0747066101658933,6.4385365555768015,-447.7269738099786,-0.0037498141421865,0.0106308014188916,1.0,0.0,0.0,0.0,0.0,0.0,0.0,0.0,0.0,0.0
tinyTimeMachine/cl/cL957W5uHWIliH8qovkdRA/_201506/cL957W5uHWIliH8qovkdRA__201506_35.650681_139.713461_060_012.jpg,2,1.70881312419773,0.0669600647622886,-151.60146520146674,0.724087379856596,1.2478569863185518,-226.61495256879883,0.0008961835884912,9.839570279137515e-05,1.0,0.0,0.0,0.0,0.0,0.0,0.0,0.0,0.0,0.0
tinyTimeMachine/cl/cL957W5uHWIliH8qovkdRA/_201506/cL957W5uHWIliH8qovkdRA__201506_35.650681_139.713461_330_012.jpg,2,0.6851691663969047,0.7862928460957473,-44.113822249396016,-0.4476828040139587,1.51252982292079,108.40731575729316,-0.0010157776738721,0.0022845256507091,1.0,0.0,0.0,0.0,0.0,0.0,0.0,0.0,0.0,0.0
tinyTimeMachine/cl/cL957W5uHWIliH8qovkdRA/_201506/cL957W5uHWIliH8qovkdRA__201506_35.650681_139.713461_240_012.jpg,2,0.2936929383268189,0.0074207847000472,174.16871807359627,-0.2935505435674953,0.4341847963443665,207.08264753250216,-0.0003747230508405,-0.0003613483204105,1.0,0.0,0.0,0.0,0.0,0.0,0.0,0.0,0.0,0.0
tinyTimeMachine/pa/PaQjWMov2JvJ8Dwp5G6UcA/_200910/PaQjWMov2JvJ8Dwp5G6UcA__200910_35.650535_139.685252_030_012.jpg,2,7.51589716047945,1.972502919520124,-1770.5018930904168,1.1746641689827602,6.380826396599639,-1119.7543982455438,0.0049054259395912,0.0036893423723515,1.0,0.0,0.0,0.0,0.0,0.0,0.0,0.0,0.0,0.0
tinyTimeMachine/pa/PaQjWMov2JvJ8Dwp5G6UcA/_200910/PaQjWMov2JvJ8Dwp5G6UcA__200910_35.650535_139.685252_330_012.jpg,2,1.0688809678761422,0.3907051990104945,-81.69039388132478,0.3843313212368824,1.2619382399828418,-196.243995056341,-0.0002442975673733,0.0007177173949819,1.0,0.0,0.0,0.0,0.0,0.0,0.0,0.0,0.0,0.0
tinyTimeMachine/pa/PaQjWMov2JvJ8Dwp5G6UcA/_200910/PaQjWMov2JvJ8Dwp5G6UcA__200910_35.650535_139.685252_180_012.jpg,2,0.9473249178741184,-0.2193996527880849,65.5758939363721,-0.1875415577506048,0.990164685325074,94.87028326893706,-0.0003204453058768,0.0001768928774904,1.0,0.0,0.0,0.0,0.0,0.0,0.0,0.0,0.0,0.0
tinyTimeMachine/pa/PaQjWMov2JvJ8Dwp5G6UcA/_200910/PaQjWMov2JvJ8Dwp5G6UcA__200910_35.650535_139.685252_270_012.jpg,2,0.0154401354634258,-0.1199943288768706,184.98246054346103,-0.4469490564216429,0.2834201698923754,212.5105767652875,-0.0012315185739337,-0.0002233457213185,1.0,0.0,0.0,0.0,0.0,0.0,0.0,0.0,0.0,0.0
tinyTimeMachine/pa/PaQjWMov2JvJ8Dwp5G6UcA/_200910/PaQjWMov2JvJ8Dwp5G6UcA__200910_35.650535_139.685252_060_012.jpg,2,1.5089565233499718,0.5762826568858284,-206.24860419021584,-0.1600568697552929,1.6714836152122257,-65.43417742623093,0.000222292203101,0.0008050373883136,1.0,0.0,0.0,0.0,0.0,0.0,0.0,0.0,0.0,0.0
tinyTimeMachine/pa/PaQjWMov2JvJ8Dwp5G6UcA/_200910/PaQjWMov2JvJ8Dwp5G6UcA__200910_35.650535_139.685252_090_012.jpg,2,3.28308586823888,-0.4507166080132644,-281.7236818154296,0.8198195607399831,1.853950824687032,-374.786587585709,0.002750747493747,-0.0006816561495054,1.0,0.0,0.0,0.0,0.0,0.0,0.0,0.0,0.0,0.0
tinyTimeMachine/pa/PaQjWMov2JvJ8Dwp5G6UcA/_200910/PaQjWMov2JvJ8Dwp5G6UcA__200910_35.650535_139.685252_120_012.jpg,2,2.370986580220732,-0.4649255768901507,-208.275706797436,0.9703889417378332,0.7396503049227611,-205.6348272850805,0.0016936340739167,-0.0011279758228724,1.0,0.0,0.0,0.0,0.0,0.0,0.0,0.0,0.0,0.0
tinyTimeMachine/pa/PaQjWMov2JvJ8Dwp5G6UcA/_200910/PaQjWMov2JvJ8Dwp5G6UcA__200910_35.650535_139.685252_150_012.jpg,2,22.09607515940841,-2.3823789173789005,-3151.8357834757726,7.660470763804067,9.870431420431398,-2810.414586894577,0.0283421516754848,-0.0038264821598154,1.0,0.0,0.0,0.0,0.0,0.0,0.0,0.0,0.0,0.0
tinyTimeMachine/pa/PaQjWMov2JvJ8Dwp5G6UcA/_200910/PaQjWMov2JvJ8Dwp5G6UcA__200910_35.650535_139.685252_000_012.jpg,2,0.0821410456454381,-0.246836427961963,180.7082632145656,-0.3310749918866418,0.3201910346843487,150.93947783279768,-0.0010934900769855,-0.0004177574030372,1.0,0.0,0.0,0.0,0.0,0.0,0.0,0.0,0.0,0.0
tinyTimeMachine/pa/PaQjWMov2JvJ8Dwp5G6UcA/_200910/PaQjWMov2JvJ8Dwp5G6UcA__200910_35.650535_139.685252_300_012.jpg,2,0.4429603037759699,0.328938731031299,132.19357426976444,-0.0073228806690869,1.5853969581755458,-141.22945866124869,-0.0005216983425154,0.0009272491966211,1.0,0.0,0.0,0.0,0.0,0.0,0.0,0.0,0.0,0.0
tinyTimeMachine/pa/PaQjWMov2JvJ8Dwp5G6UcA/_200910/PaQjWMov2JvJ8Dwp5G6UcA__200910_35.650535_139.685252_210_012.jpg,2,-16.848558083851767,-9.314856364899908,4815.9068638629,-6.827116656350768,-17.076979563692372,3736.728703130591,-0.0170883962602207,-0.0172010565636163,1.0,0.0,0.0,0.0,0.0,0.0,0.0,0.0,0.0,0.0
tinyTimeMachine/pa/PaQjWMov2JvJ8Dwp5G6UcA/_200910/PaQjWMov2JvJ8Dwp5G6UcA__200910_35.650535_139.685252_240_012.jpg,2,2.007670140069392,-0.2701270179384786,-195.36500053978477,0.6099428368252676,0.8850634418321954,-131.78628341612884,0.0010165892979236,-0.0007169566181829,1.0,0.0,0.0,0.0,0.0,0.0,0.0,0.0,0.0,0.0
tinyTimeMachine/pa/PaQjWMov2JvJ8Dwp5G6UcA/_200909/PaQjWMov2JvJ8Dwp5G6UcA__200909_35.650535_139.685252_090_012.jpg,2,0.6924435848297306,-0.3753395665248984,78.23937866638724,-0.1150690025967705,0.5786873216481715,23.42888116338709,-0.0004413798510171,-0.0007434711927626,1.0,0.0,0.0,0.0,0.0,0.0,0.0,0.0,0.0,0.0
tinyTimeMachine/pa/PaQjWMov2JvJ8Dwp5G6UcA/_200909/PaQjWMov2JvJ8Dwp5G6UcA__200909_35.650535_139.685252_150_012.jpg,2,0.1332906548653339,-0.5162526623785899,276.8015827705201,-0.163309620772025,0.3005966457136546,87.91575540888293,-0.0005713712398052,-0.0010875516545916,1.0,0.0,0.0,0.0,0.0,0.0,0.0,0.0,0.0,0.0
tinyTimeMachine/pa/PaQjWMov2JvJ8Dwp5G6UcA/_200909/PaQjWMov2JvJ8Dwp5G6UcA__200909_35.650535_139.685252_060_012.jpg,2,1.311241782547267,-0.7327049499272922,115.37629277683108,0.3678986872555257,0.5185903868602768,-87.54852649040741,0.0010465945783584,-0.0016012513055765,1.0,0.0,0.0,0.0,0.0,0.0,0.0,0.0,0.0,0.0
tinyTimeMachine/pa/PaQjWMov2JvJ8Dwp5G6UcA/_200909/PaQjWMov2JvJ8Dwp5G6UcA__200909_35.650535_139.685252_030_012.jpg,2,0.8559512603404745,-0.1991206796514488,32.204869018138254,-0.3006494851507139,0.9297754552757548,86.28911339468583,-0.0004032391896401,-0.0001540813936978,1.0,0.0,0.0,0.0,0.0,0.0,0.0,0.0,0.0,0.0
tinyTimeMachine/pa/PaQjWMov2JvJ8Dwp5G6UcA/_200909/PaQjWMov2JvJ8Dwp5G6UcA__200909_35.650535_139.685252_000_012.jpg,2,2.548553097300018,0.175149008367597,-391.58564623560926,-0.5734087215371055,2.009630080139827,159.58821669369652,0.0010640115466609,0.0010980123150783,1.0,0.0,0.0,0.0,0.0,0.0,0.0,0.0,0.0,0.0
tinyTimeMachine/pa/PaQjWMov2JvJ8Dwp5G6UcA/_200909/PaQjWMov2JvJ8Dwp5G6UcA__200909_35.650535_139.685252_120_012.jpg,2,0.4300371897434775,-0.2469679414729687,204.68885633645883,-0.1841837654597719,0.5202441537176302,105.49330816132584,-0.000257999022024,-0.0005250306406723,1.0,0.0,0.0,0.0,0.0,0.0,0.0,0.0,0.0,0.0
tinyTimeMachine/10/10NY2ACuIVKCM_LQCfbuyg/_200910/10NY2ACuIVKCM_LQCfbuyg__200910_35.650109_139.685595_060_012.jpg,2,-5.8040252229309885,-6.473437319718447,1732.652821045344,-1.348766977369012,-10.777341496480878,1685.871235721702,-0.0044436821111276,-0.0174332237221644,1.0,0.0,0.0,0.0,0.0,0.0,0.0,0.0,0.0,0.0
tinyTimeMachine/10/10NY2ACuIVKCM_LQCfbuyg/_200910/10NY2ACuIVKCM_LQCfbuyg__200910_35.650109_139.685595_000_012.jpg,2,0.6556186047049686,-0.4284376247245166,96.03145400593418,-0.097958133051062,0.2548427820292644,151.8029777708366,-0.0002001376669501,-0.0010719801481944,1.0,0.0,0.0,0.0,0.0,0.0,0.0,0.0,0.0,0.0
tinyTimeMachine/10/10NY2ACuIVKCM_LQCfbuyg/_200910/10NY2ACuIVKCM_LQCfbuyg__200910_35.650109_139.685595_030_012.jpg,2,1.5195084469910929,0.883051038388075,-154.33816883221638,0.8551796666935594,2.914966003550958,-570.7954563796262,0.0004606838296613,0.0025842008985015,1.0,0.0,0.0,0.0,0.0,0.0,0.0,0.0,0.0,0.0
tinyTimeMachine/10/10NY2ACuIVKCM_LQCfbuyg/_200910/10NY2ACuIVKCM_LQCfbuyg__200910_35.650109_139.685595_150_012.jpg,2,0.0264431569278631,-0.0375263980153355,198.94754940059715,-0.3669932562393525,0.5693384598475468,126.6955651334219,-0.0012988019815194,0.000214422540961,1.0,0.0,0.0,0.0,0.0,0.0,0.0,0.0,0.0,0.0
tinyTimeMachine/10/10NY2ACuIVKCM_LQCfbuyg/_200910/10NY2ACuIVKCM_LQCfbuyg__200910_35.650109_139.685595_120_012.jpg,2,0.4290092007124986,1.5578521302104598,-181.4703662011896,-0.6427609948933064,1.6800862322691763,127.8222516079636,-0.0018557304286087,0.0029010281754384,1.0,0.0,0.0,0.0,0.0,0.0,0.0,0.0,0.0,0.0
tinyTimeMachine/10/10NY2ACuIVKCM_LQCfbuyg/_200910/10NY2ACuIVKCM_LQCfbuyg__200910_35.650109_139.685595_090_012.jpg,2,-17.630931417585433,1.1143345072818862,3437.8482033483106,-6.18406109636588,-5.6881996903498,2146.9913229889785,-0.0201555178012405,0.0007081972233565,1.0,0.0,0.0,0.0,0.0,0.0,0.0,0.0,0.0,0.0
tinyTimeMachine/10/10NY2ACuIVKCM_LQCfbuyg/_201306/10NY2ACuIVKCM_LQCfbuyg__201306_35.650109_139.685595_150_012.jpg,2,1.7407937427431242,1.006574972496848,-311.58603931493025,-0.301082087750991,2.5027769943926845,-151.75086625456768,-2.985332489816679e-05,0.0017051329933865,1.0,0.0,0.0,0.0,0.0,0.0,0.0,0.0,0.0,0.0
tinyTimeMachine/10/10NY2ACuIVKCM_LQCfbuyg/_201306/10NY2ACuIVKCM_LQCfbuyg__201306_35.650109_139.685595_240_012.jpg,2,0.1581054320098908,-0.4750588512100706,236.79401609675665,-0.1410285250836996,0.1595674259768904,103.07685468463784,-0.0006540375177829,-0.0011211326844256,1.0,0.0,0.0,0.0,0.0,0.0,0.0,0.0,0.0,0.0
tinyTimeMachine/10/10NY2ACuIVKCM_LQCfbuyg/_201306/10NY2ACuIVKCM_LQCfbuyg__201306_35.650109_139.685595_270_012.jpg,2,7.353505840298711,0.0035269911720147,-1255.283257810319,2.6810896797026795,3.246635793035949,-763.6687839687444,0.0086295009279806,-0.0011851686975934,1.0,0.0,0.0,0.0,0.0,0.0,0.0,0.0,0.0,0.0
tinyTimeMachine/10/10NY2ACuIVKCM_LQCfbuyg/_201306/10NY2ACuIVKCM_LQCfbuyg__201306_35.650109_139.685595_330_012.jpg,2,-5.419792431714085,-4.507628615395396,1536.5985730773343,-1.7864709019690264,-8.034516752352012,1305.538978071564,-0.0064132829713566,-0.0117030392053999,1.0,0.0,0.0,0.0,0.0,0.0,0.0,0.0,0.0,0.0
tinyTimeMachine/10/10NY2ACuIVKCM_LQCfbuyg/_201306/10NY2ACuIVKCM_LQCfbuyg__201306_35.650109_139.685595_210_012.jpg,2,0.0634964476975297,-0.0893561355859323,178.4006813055271,-0.4987014531449013,0.4467806779297017,214.83031809602645,-0.0012640212370912,0.0001112492135831,1.0,0.0,0.0,0.0,0.0,0.0,0.0,0.0,0.0,0.0
tinyTimeMachine/10/10NY2ACuIVKCM_LQCfbuyg/_201306/10NY2ACuIVKCM_LQCfbuyg__201306_35.650109_139.685595_180_012.jpg,2,113.68581284647183,-2.284646902868195,-21822.032176428616,41.587837430707246,26.09512834417995,-9716.890817064605,0.145464268498437,-0.0270773077850091,1.0,0.0,0.0,0.0,0.0,0.0,0.0,0.0,0.0,0.0
tinyTimeMachine/10/10NY2ACuIVKCM_LQCfbuyg/_201306/10NY2ACuIVKCM_LQCfbuyg__201306_35.650109_139.685595_300_012.jpg,2,2.275286680911704,-0.077646604938261,-76.31951566952047,0.2283891263057956,2.418782051282081,-313.10310541311026,0.001715930674264,0.0004908594491928,1.0,0.0,0.0,0.0,0.0,0.0,0.0,0.0,0.0,0.0
tinyTimeMachine/10/10NY2ACuIVKCM_LQCfbuyg/_201306/10NY2ACuIVKCM_LQCfbuyg__201306_35.650109_139.685595_060_012.jpg,2,0.7934625919757109,-0.4473010677235816,110.51425002313049,0.1782825089362483,0.5025501089828778,-26.06490392029995,0.0002781868918979,-0.0012030846776266,1.0,0.0,0.0,0.0,0.0,0.0,0.0,0.0,0.0,0.0
tinyTimeMachine/10/10NY2ACuIVKCM_LQCfbuyg/_201306/10NY2ACuIVKCM_LQCfbuyg__201306_35.650109_139.685595_000_012.jpg,2,1.488018910599222,0.2509356906732585,-221.64214767365087,0.3256658769680185,1.7215999192411902,-273.02017948393865,0.0004330244819359,5.111318119497004e-05,1.0,0.0,0.0,0.0,0.0,0.0,0.0,0.0,0.0,0.0
tinyTimeMachine/10/10NY2ACuIVKCM_LQCfbuyg/_201306/10NY2ACuIVKCM_LQCfbuyg__201306_35.650109_139.685595_030_012.jpg,2,3.332589755342528,-0.2874484661316575,-209.208394698092,0.8179655330468086,2.6431242047629437,-368.3408373658809,0.0031324201256349,0.00018252882891,1.0,0.0,0.0,0.0,0.0,0.0,0.0,0.0,0.0,0.0
tinyTimeMachine/10/10NY2ACuIVKCM_LQCfbuyg/_201306/10NY2ACuIVKCM_LQCfbuyg__201306_35.650109_139.685595_120_012.jpg,2,5.142724143921232,-0.0187935639371945,-634.2775714937316,1.022032068641436,4.561329182836008,-679.7619699042567,0.0037065213682373,0.0031609543042023,1.0,0.0,0.0,0.0,0.0,0.0,0.0,0.0,0.0,0.0
tinyTimeMachine/10/10NY2ACuIVKCM_LQCfbuyg/_201306/10NY2ACuIVKCM_LQCfbuyg__201306_35.650109_139.685595_090_012.jpg,2,0.6625652350897957,-0.1071196549404424,146.062550953847,-0.0255562604172331,0.8394826145443345,48.97745291862881,-3.2836929543264906e-05,-0.0004190954671448,1.0,0.0,0.0,0.0,0.0,0.0,0.0,0.0,0.0,0.0
tinyTimeMachine/es/eSCEtgQYZJoQkwL4UtkUCw/_201306/eSCEtgQYZJoQkwL4UtkUCw__201306_35.654866_139.711283_330_012.jpg,2,0.4702611755789615,0.042588605808521,24.65240042855117,-0.4232976259924037,0.4858899040712038,195.031731000748,-0.0007107196356978,-0.0003938567106261,1.0,0.0,0.0,0.0,0.0,0.0,0.0,0.0,0.0,0.0
tinyTimeMachine/es/eSCEtgQYZJoQkwL4UtkUCw/_201306/eSCEtgQYZJoQkwL4UtkUCw__201306_35.654866_139.711283_270_012.jpg,2,1.0343746310943198,-0.5983920631173015,163.6909455790347,0.0927059969307041,0.9739405028922192,-2.2015700625661623,0.0001475622712784,-0.0001377247865265,1.0,0.0,0.0,0.0,0.0,0.0,0.0,0.0,0.0,0.0
tinyTimeMachine/es/eSCEtgQYZJoQkwL4UtkUCw/_201306/eSCEtgQYZJoQkwL4UtkUCw__201306_35.654866_139.711283_180_012.jpg,2,0.0961697325850355,-0.5914234507756673,273.25019039809763,-0.1427994745426922,0.0280073710684638,128.623477153039,-0.0005254302852881,-0.0014542910335152,1.0,0.0,0.0,0.0,0.0,0.0,0.0,0.0,0.0,0.0
tinyTimeMachine/es/eSCEtgQYZJoQkwL4UtkUCw/_201306/eSCEtgQYZJoQkwL4UtkUCw__201306_35.654866_139.711283_300_012.jpg,2,0.3123144823881891,-0.5972813130170818,232.9887770679022,-0.0780039718437342,0.0235153879497263,121.11792559507003,-0.0002179095757713,-0.0015453911535779,1.0,0.0,0.0,0.0,0.0,0.0,0.0,0.0,0.0,0.0
tinyTimeMachine/es/eSCEtgQYZJoQkwL4UtkUCw/_201306/eSCEtgQYZJoQkwL4UtkUCw__201306_35.654866_139.711283_030_012.jpg,2,0.3684638127682296,0.0048745203505558,79.9272707013272,-0.2694583247238921,0.7682333953213089,101.59877343885876,-0.0012249744781958,0.0005597938638767,1.0,0.0,0.0,0.0,0.0,0.0,0.0,0.0,0.0,0.0
tinyTimeMachine/es/eSCEtgQYZJoQkwL4UtkUCw/_201306/eSCEtgQYZJoQkwL4UtkUCw__201306_35.654866_139.711283_210_012.jpg,2,1.0256552874160434,-0.241316970016755,-52.06486496321703,0.1964621875440113,0.6428829731745987,-80.5860954263988,0.0002791996786908,-0.001088537591758,1.0,0.0,0.0,0.0,0.0,0.0,0.0,0.0,0.0,0.0
tinyTimeMachine/es/eSCEtgQYZJoQkwL4UtkUCw/_201306/eSCEtgQYZJoQkwL4UtkUCw__201306_35.654866_139.711283_000_012.jpg,2,0.1852253312449048,-0.4511741813627526,236.01789290294232,-0.1691283545730792,0.2657231114816563,97.19563715076248,-0.0004807909807951,-0.0012072285296705,1.0,0.0,0.0,0.0,0.0,0.0,0.0,0.0,0.0,0.0
tinyTimeMachine/es/eSCEtgQYZJoQkwL4UtkUCw/_201306/eSCEtgQYZJoQkwL4UtkUCw__201306_35.654866_139.711283_060_012.jpg,2,1.1920978159316689,-0.1818020256455255,-12.791585988387968,-0.1454127343055359,0.6406758470655902,138.70905718115577,0.0008180665195275,-0.0010488176964149,1.0,0.0,0.0,0.0,0.0,0.0,0.0,0.0,0.0,0.0
tinyTimeMachine/es/eSCEtgQYZJoQkwL4UtkUCw/_201306/eSCEtgQYZJoQkwL4UtkUCw__201306_35.654866_139.711283_090_012.jpg,2,1.3946391857594007,-0.0453247617503425,-153.99709179289067,0.1375898562348023,0.7248534059883132,-24.859449090594648,0.0009050784345514,-0.0012266383354399,1.0,0.0,0.0,0.0,0.0,0.0,0.0,0.0,0.0,0.0
tinyTimeMachine/es/eSCEtgQYZJoQkwL4UtkUCw/_201306/eSCEtgQYZJoQkwL4UtkUCw__201306_35.654866_139.711283_150_012.jpg,2,1.7858841754607138,-0.4251892748153701,-39.57422601161055,0.4489889812938359,1.042784844037596,-98.6919421343281,0.0020418384699606,-0.0011548675658675,1.0,0.0,0.0,0.0,0.0,0.0,0.0,0.0,0.0,0.0
tinyTimeMachine/es/eSCEtgQYZJoQkwL4UtkUCw/_201306/eSCEtgQYZJoQkwL4UtkUCw__201306_35.654866_139.711283_120_012.jpg,2,0.8239201647132335,0.08590670686069,-29.52795192295947,-0.3799916659095178,0.6192849826287751,217.1830017003484,-1.825279389430369e-05,-0.0004219775536604,1.0,0.0,0.0,0.0,0.0,0.0,0.0,0.0,0.0,0.0
tinyTimeMachine/es/eSCEtgQYZJoQkwL4UtkUCw/_201306/eSCEtgQYZJoQkwL4UtkUCw__201306_35.654866_139.711283_240_012.jpg,2,7.473747656040662,0.7195285293329715,-1372.085721939448,2.5154924546834327,6.060016519332048,-1330.908384677193,0.0059826770247342,0.0038284668273952,1.0,0.0,0.0,0.0,0.0,0.0,0.0,0.0,0.0,0.0
tinyTimeMachine/es/eSCEtgQYZJoQkwL4UtkUCw/_200911/eSCEtgQYZJoQkwL4UtkUCw__200911_35.654866_139.711283_150_012.jpg,2,0.3339240357389572,-0.6144316913757335,224.94804399808643,-0.1037238201513692,0.1125351278722932,115.1717647058822,-0.0001079076617096,-0.0016046093234041,1.0,0.0,0.0,0.0,0.0,0.0,0.0,0.0,0.0,0.0
tinyTimeMachine/es/eSCEtgQYZJoQkwL4UtkUCw/_200911/eSCEtgQYZJoQkwL4UtkUCw__200911_35.654866_139.711283_000_012.jpg,2,1.934096212002714,-0.7397495307367412,-73.5438761145013,0.4180400065547876,0.6670493396795641,-110.71984983575814,0.0016561547972857,-0.0019056836718732,1.0,0.0,0.0,0.0,0.0,0.0,0.0,0.0,0.0,0.0
tinyTimeMachine/es/eSCEtgQYZJoQkwL4UtkUCw/_200911/eSCEtgQYZJoQkwL4UtkUCw__200911_35.654866_139.711283_090_012.jpg,2,-33.3944739066948,-18.554958990744325,9104.298824072055,-13.328828903016303,-36.16748740077124,8032.221351164506,-0.0272297067316669,-0.0433520537567118,1.0,0.0,0.0,0.0,0.0,0.0,0.0,0.0,0.0,0.0
tinyTimeMachine/es/eSCEtgQYZJoQkwL4UtkUCw/_200911/eSCEtgQYZJoQkwL4UtkUCw__200911_35.654866_139.711283_060_012.jpg,2,3.7295489296636246,2.62461773700308,-626.3165137614742,1.7086200305810402,4.708620030581061,-754.0504587155976,0.003631498470948,0.0064984709480122,1.0,0.0,0.0,0.0,0.0,0.0,0.0,0.0,0.0,0.0
tinyTimeMachine/es/eSCEtgQYZJoQkwL4UtkUCw/_200911/eSCEtgQYZJoQkwL4UtkUCw__200911_35.654866_139.711283_120_012.jpg,2,0.5171082076550285,0.1851374825453186,19.419318536716407,0.071358943054793,0.6713577170300801,-16.65051325268475,-0.0005796731116853,-0.0002218674637117,1.0,0.0,0.0,0.0,0.0,0.0,0.0,0.0,0.0,0.0
tinyTimeMachine/es/eSCEtgQYZJoQkwL4UtkUCw/_200911/eSCEtgQYZJoQkwL4UtkUCw__200911_35.654866_139.711283_030_012.jpg,2,1.66653618437149,-0.6419606595880032,22.440769193129015,0.008138833162076,0.5767276671396666,173.25155355482704,0.0010927892221624,-0.0007726998417902,1.0,0.0,0.0,0.0,0.0,0.0,0.0,0.0,0.0,0.0
tinyTimeMachine/4n/4NNKm06L0-nak7DGQYT2Og/_201306/4NNKm06L0-nak7DGQYT2Og__201306_35.651568_139.706035_150_012.jpg,2,1.1128236063999586,-0.4002509315157029,5.974245187150379,-0.1447777027410928,0.2778390565538916,207.77659897559985,0.0004785190747677,-0.0013189976237432,1.0,0.0,0.0,0.0,0.0,0.0,0.0,0.0,0.0,0.0
tinyTimeMachine/4n/4NNKm06L0-nak7DGQYT2Og/_201306/4NNKm06L0-nak7DGQYT2Og__201306_35.651568_139.706035_210_012.jpg,2,0.152645977716173,0.1016364524572244,92.54820322785596,-0.4569805256958973,0.6208759512456918,173.71952867125344,-0.001455643391687,0.0003730263790759,1.0,0.0,0.0,0.0,0.0,0.0,0.0,0.0,0.0,0.0
tinyTimeMachine/4n/4NNKm06L0-nak7DGQYT2Og/_201306/4NNKm06L0-nak7DGQYT2Og__201306_35.651568_139.706035_180_012.jpg,2,0.1891763699125604,-0.129915337371447,170.19116155732647,-0.3429088172774913,0.4587217581870725,189.41590494853875,-0.0008487009298975,-0.0003263282673938,1.0,0.0,0.0,0.0,0.0,0.0,0.0,0.0,0.0,0.0
tinyTimeMachine/4n/4NNKm06L0-nak7DGQYT2Og/_201306/4NNKm06L0-nak7DGQYT2Og__201306_35.651568_139.706035_120_012.jpg,2,0.8607247236689147,2.1463044147055075,-234.64282418090968,-0.7546970795701871,4.3301992001231895,-222.95293031842616,-0.0018513635264904,0.0058644823873252,1.0,0.0,0.0,0.0,0.0,0.0,0.0,0.0,0.0,0.0
tinyTimeMachine/4n/4NNKm06L0-nak7DGQYT2Og/_201306/4NNKm06L0-nak7DGQYT2Og__201306_35.651568_139.706035_270_012.jpg,2,0.8782267090962608,-0.3960647115572589,147.69372547917516,-0.0466565188070525,0.9048646942295157,27.56301039313964,0.0003783129088267,-0.0007245753236368,1.0,0.0,0.0,0.0,0.0,0.0,0.0,0.0,0.0,0.0
tinyTimeMachine/4n/4NNKm06L0-nak7DGQYT2Og/_201306/4NNKm06L0-nak7DGQYT2Og__201306_35.651568_139.706035_060_012.jpg,2,-8.610821839163835,0.4394079231041181,1480.9426187811364,-3.2338491175287385,-2.581150470667408,916.3963780648965,-0.0119880310451577,0.0001953039838378,1.0,0.0,0.0,0.0,0.0,0.0,0.0,0.0,0.0,0.0
tinyTimeMachine/4n/4NNKm06L0-nak7DGQYT2Og/_201306/4NNKm06L0-nak7DGQYT2Og__201306_35.651568_139.706035_030_012.jpg,2,-4.316992393544397,-0.3841534110400561,1002.7281382110164,-1.8383980703143483,-1.7004211192417182,677.7667250455836,-0.0058342382496296,-0.0014877382767126,1.0,0.0,0.0,0.0,0.0,0.0,0.0,0.0,0.0,0.0
tinyTimeMachine/4n/4NNKm06L0-nak7DGQYT2Og/_201306/4NNKm06L0-nak7DGQYT2Og__201306_35.651568_139.706035_240_012.jpg,2,0.0987378930443008,-0.2905318950827233,218.7217537740044,-0.304242432130631,0.2937933726202516,155.6161516851109,-0.00089022960081,-0.0005856158920417,1.0,0.0,0.0,0.0,0.0,0.0,0.0,0.0,0.0,0.0
tinyTimeMachine/4n/4NNKm06L0-nak7DGQYT2Og/_201306/4NNKm06L0-nak7DGQYT2Og__201306_35.651568_139.706035_090_012.jpg,2,0.2681238061895117,0.2135900685688727,88.37256289463251,-0.2133534198650089,0.9706962822391044,5.275652698873343,-0.0008735538192039,0.0002176796942526,1.0,0.0,0.0,0.0,0.0,0.0,0.0,0.0,0.0,0.0
tinyTimeMachine/4n/4NNKm06L0-nak7DGQYT2Og/_201306/4NNKm06L0-nak7DGQYT2Og__201306_35.651568_139.706035_330_012.jpg,2,0.2522461842401185,1.1965693342824093,-74.57595046429441,-0.6059367519659359,2.047031692000845,58.35174266234147,-0.0018364119790148,0.0027959181176106,1.0,0.0,0.0,0.0,0.0,0.0,0.0,0.0,0.0,0.0
tinyTimeMachine/4n/4NNKm06L0-nak7DGQYT2Og/_201306/4NNKm06L0-nak7DGQYT2Og__201306_35.651568_139.706035_000_012.jpg,2,-9.511807653574918,-0.4729103726082548,1719.149244712974,-2.3764098690835644,-5.004846424974758,979.8691842900212,-0.0113796576032224,-0.0041289023162134,1.0,0.0,0.0,0.0,0.0,0.0,0.0,0.0,0.0,0.0
tinyTimeMachine/4n/4NNKm06L0-nak7DGQYT2Og/_201306/4NNKm06L0-nak7DGQYT2Og__201306_35.651568_139.706035_300_012.jpg,2,4.596598253620682,4.008569217646683,-1160.2499274540264,0.5476627008204236,8.490751488291494,-1128.8296093069837,0.0004682512464716,0.0117183721564178,1.0,0.0,0.0,0.0,0.0,0.0,0.0,0.0,0.0,0.0
tinyTimeMachine/4n/4NNKm06L0-nak7DGQYT2Og/_200912/4NNKm06L0-nak7DGQYT2Og__200912_35.651568_139.706035_090_012.jpg,2,0.3005053186355043,-0.102230630792936,148.39270384884674,-0.2959098309491206,0.582216838162934,154.61035927334174,-0.0006968710249661,-0.0002665216617222,1.0,0.0,0.0,0.0,0.0,0.0,0.0,0.0,0.0,0.0
tinyTimeMachine/4n/4NNKm06L0-nak7DGQYT2Og/_200912/4NNKm06L0-nak7DGQYT2Og__200912_35.651568_139.706035_150_012.jpg,2,0.9471430889867932,-0.6416757707821166,135.46719312203751,0.2712575158431366,0.417534130537187,-61.16007647456994,0.0004516432928398,-0.00144745539973,1.0,0.0,0.0,0.0,0.0,0.0,0.0,0.0,0.0,0.0
tinyTimeMachine/4n/4NNKm06L0-nak7DGQYT2Og/_200912/4NNKm06L0-nak7DGQYT2Og__200912_35.651568_139.706035_060_012.jpg,2,-12.582404941849097,-0.7618276096121941,2671.647413556803,-4.980065689000278,-6.762096011016702,2020.769863335555,-0.0185772114970435,-0.001136015063111,1.0,0.0,0.0,0.0,0.0,0.0,0.0,0.0,0.0,0.0
tinyTimeMachine/4n/4NNKm06L0-nak7DGQYT2Og/_200912/4NNKm06L0-nak7DGQYT2Og__200912_35.651568_139.706035_120_012.jpg,2,5.546423148163759,-0.4159424058530208,-751.9430362496919,1.6098025746139693,1.579284889207866,-344.1991979130312,0.0070775925524204,-0.0029635593676009,1.0,0.0,0.0,0.0,0.0,0.0,0.0,0.0,0.0,0.0
tinyTimeMachine/4n/4NNKm06L0-nak7DGQYT2Og/_200912/4NNKm06L0-nak7DGQYT2Og__200912_35.651568_139.706035_000_012.jpg,2,0.2272127014337155,-0.4537191292061112,239.9433864922925,-0.1193355143692381,0.2713922168932002,90.53472749866184,-0.0005400571743376,-0.0010066001552685,1.0,0.0,0.0,0.0,0.0,0.0,0.0,0.0,0.0,0.0
tinyTimeMachine/4n/4NNKm06L0-nak7DGQYT2Og/_200912/4NNKm06L0-nak7DGQYT2Og__200912_35.651568_139.706035_030_012.jpg,2,0.5752580025809373,-0.7095979719061831,235.7693134914103,0.052251337589778,0.347474186651979,38.11939589757382,0.0003029816048177,-0.0016014022741845,1.0,0.0,0.0,0.0,0.0,0.0,0.0,0.0,0.0,0.0
tinyTimeMachine/8a/8aVZP6RPelECrGz14j1QLw/_201306/8aVZP6RPelECrGz14j1QLw__201306_35.650390_139.707875_270_012.jpg,2,0.6460901741060701,-0.7312607569124656,216.290156022,0.0560965191254635,-0.0623468309200286,148.00670670109008,0.0004725636372706,-0.0019473519287611,1.0,0.0,0.0,0.0,0.0,0.0,0.0,0.0,0.0,0.0
tinyTimeMachine/8a/8aVZP6RPelECrGz14j1QLw/_201306/8aVZP6RPelECrGz14j1QLw__201306_35.650390_139.707875_180_012.jpg,2,1.7422980176771183,0.440159155070456,-253.320333233349,0.0700505388503104,1.7871079777537435,-53.30159462766099,0.0004423110947007,0.0008759682766791,1.0,0.0,0.0,0.0,0.0,0.0,0.0,0.0,0.0,0.0
tinyTimeMachine/8a/8aVZP6RPelECrGz14j1QLw/_201306/8aVZP6RPelECrGz14j1QLw__201306_35.650390_139.707875_150_012.jpg,2,16.53564190394638,1.4966067223292976,-2619.750117747819,9.030175551273835,14.003041818311642,-3895.1838578463,0.0208101405837437,0.0081468993077857,1.0,0.0,0.0,0.0,0.0,0.0,0.0,0.0,0.0,0.0
tinyTimeMachine/8a/8aVZP6RPelECrGz14j1QLw/_201306/8aVZP6RPelECrGz14j1QLw__201306_35.650390_139.707875_210_012.jpg,2,0.4592539951980929,0.2801349167784069,2.437847914750421,-0.3852123932887764,0.6174046074672861,176.69433787253482,-0.0008956382741734,0.0002042598076191,1.0,0.0,0.0,0.0,0.0,0.0,0.0,0.0,0.0,0.0
tinyTimeMachine/8a/8aVZP6RPelECrGz14j1QLw/_201306/8aVZP6RPelECrGz14j1QLw__201306_35.650390_139.707875_060_012.jpg,2,0.2424622092586443,-0.2869999430338568,172.64446944430594,-0.0184139543970374,0.2095571878858617,62.48935030295142,-0.0004629809226347,-0.0011010977689194,1.0,0.0,0.0,0.0,0.0,0.0,0.0,0.0,0.0,0.0
tinyTimeMachine/8a/8aVZP6RPelECrGz14j1QLw/_201306/8aVZP6RPelECrGz14j1QLw__201306_35.650390_139.707875_000_012.jpg,2,7.704948657024044,-0.7916852566629856,-861.0190707422822,3.6367181825727606,3.5515604356457544,-987.8506090601528,0.0097779057461245,-0.0005425684976515,1.0,0.0,0.0,0.0,0.0,0.0,0.0,0.0,0.0,0.0
tinyTimeMachine/8a/8aVZP6RPelECrGz14j1QLw/_201306/8aVZP6RPelECrGz14j1QLw__201306_35.650390_139.707875_030_012.jpg,2,0.7207357965080223,-0.8176244802638308,251.26986200856564,0.0874515767631624,0.2272815135664112,76.42188454164331,0.0009063330887516,-0.0020197716711243,1.0,0.0,0.0,0.0,0.0,0.0,0.0,0.0,0.0,0.0
tinyTimeMachine/8a/8aVZP6RPelECrGz14j1QLw/_201306/8aVZP6RPelECrGz14j1QLw__201306_35.650390_139.707875_300_012.jpg,2,0.3199607802387854,0.2738282696678332,120.9038662904558,-0.3565341401094034,0.6315541674104783,191.56072535243297,-0.0006452254647799,0.0002390176231368,1.0,0.0,0.0,0.0,0.0,0.0,0.0,0.0,0.0,0.0
tinyTimeMachine/8a/8aVZP6RPelECrGz14j1QLw/_201306/8aVZP6RPelECrGz14j1QLw__201306_35.650390_139.707875_330_012.jpg,2,0.7829959480252535,-0.7787609455910895,201.13185812782572,0.0705234894455947,0.5063089284002211,-1.7986942085521207,0.0003895592534983,-0.0015527682909006,1.0,0.0,0.0,0.0,0.0,0.0,0.0,0.0,0.0,0.0
tinyTimeMachine/8a/8aVZP6RPelECrGz14j1QLw/_201306/8aVZP6RPelECrGz14j1QLw__201306_35.650390_139.707875_090_012.jpg,2,0.2919786809801433,0.8166891054050669,-19.95148992894653,-0.4560932800785113,1.3615423029786953,44.95935195017125,-0.0014834544910177,0.0013647699154279,1.0,0.0,0.0,0.0,0.0,0.0,0.0,0.0,0.0,0.0
tinyTimeMachine/8a/8aVZP6RPelECrGz14j1QLw/_201306/8aVZP6RPelECrGz14j1QLw__201306_35.650390_139.707875_240_012.jpg,2,-48.61706804281352,-1.402857415902136,9625.918577981663,-11.938168960244672,-17.836487003058124,2933.183486238537,-0.0580084097859327,-0.0059250764525994,1.0,0.0,0.0,0.0,0.0,0.0,0.0,0.0,0.0,0.0
tinyTimeMachine/8a/8aVZP6RPelECrGz14j1QLw/_201306/8aVZP6RPelECrGz14j1QLw__201306_35.650390_139.707875_120_012.jpg,2,0.6734032422933856,-0.2503360771710424,44.50113201712497,-0.216593223604371,0.3119467994900138,154.83057292951304,-0.0002616830916522,-0.0009370586206938,1.0,0.0,0.0,0.0,0.0,0.0,0.0,0.0,0.0,0.0
tinyTimeMachine/8a/8aVZP6RPelECrGz14j1QLw/_200912/8aVZP6RPelECrGz14j1QLw__200912_35.650390_139.707875_000_012.jpg,2,-0.1296774341198761,0.0297055953105036,215.59257972021848,-0.3906396753679333,0.401204841242264,182.2850703797033,-0.0012865190389301,1.6679493067545903e-05,1.0,0.0,0.0,0.0,0.0,0.0,0.0,0.0,0.0,0.0
tinyTimeMachine/8a/8aVZP6RPelECrGz14j1QLw/_200912/8aVZP6RPelECrGz14j1QLw__200912_35.650390_139.707875_030_012.jpg,2,0.8506474513822371,-0.4263318790115533,83.70363827725187,-0.2489559458475067,0.4256495378162409,183.0040955926779,0.0002315040201204,-0.001040383574149,1.0,0.0,0.0,0.0,0.0,0.0,0.0,0.0,0.0,0.0
tinyTimeMachine/8a/8aVZP6RPelECrGz14j1QLw/_200912/8aVZP6RPelECrGz14j1QLw__200912_35.650390_139.707875_060_012.jpg,2,1.4131346473750142,-0.8701124087604568,94.727419458969,0.5948073879014576,0.4895445131731659,-70.21802157468089,0.0012334308172947,-0.0017547914351479,1.0,0.0,0.0,0.0,0.0,0.0,0.0,0.0,0.0,0.0
tinyTimeMachine/8a/8aVZP6RPelECrGz14j1QLw/_200912/8aVZP6RPelECrGz14j1QLw__200912_35.650390_139.707875_150_012.jpg,2,0.4114694874574456,0.0122381397234479,39.77953061242285,-0.3166689801146294,0.5714210960014876,119.25741404989913,-0.0009619169743919,-0.0001349511311658,1.0,0.0,0.0,0.0,0.0,0.0,0.0,0.0,0.0,0.0
tinyTimeMachine/8a/8aVZP6RPelECrGz14j1QLw/_200912/8aVZP6RPelECrGz14j1QLw__200912_35.650390_139.707875_120_012.jpg,2,0.9766737707824472,0.2831629887130777,-48.83938891758463,0.0783156180066897,1.8930208807048448,-207.7094213678504,-0.0006581905444604,0.0015259075411538,1.0,0.0,0.0,0.0,0.0,0.0,0.0,0.0,0.0,0.0
tinyTimeMachine/8a/8aVZP6RPelECrGz14j1QLw/_200912/8aVZP6RPelECrGz14j1QLw__200912_35.650390_139.707875_090_012.jpg,2,0.4884559637680134,0.0331954102859766,81.51345802559166,-0.4315420884637715,0.8132186782199278,180.9801801422385,-0.0008925077603648,0.0003584069010656,1.0,0.0,0.0,0.0,0.0,0.0,0.0,0.0,0.0,0.0
tinyTimeMachine/5z/5zMriAHoEUJ4FapNGZeEMw/_201306/5zMriAHoEUJ4FapNGZeEMw__201306_35.657311_139.687461_240_012.jpg,2,0.8590668180400931,0.154569536683577,9.233866081564797,-0.172161306831234,0.8012336347076827,137.6451390890545,5.955917387745528e-05,-0.0002269621193849,1.0,0.0,0.0,0.0,0.0,0.0,0.0,0.0,0.0,0.0
tinyTimeMachine/5z/5zMriAHoEUJ4FapNGZeEMw/_201306/5zMriAHoEUJ4FapNGZeEMw__201306_35.657311_139.687461_180_012.jpg,2,0.4452687351853191,-0.5261234067210147,167.10814202406357,0.0478068124964085,0.2188016086334198,17.237641790310366,-2.665616823734193e-05,-0.0016467119314938,1.0,0.0,0.0,0.0,0.0,0.0,0.0,0.0,0.0,0.0
tinyTimeMachine/5z/5zMriAHoEUJ4FapNGZeEMw/_201306/5zMriAHoEUJ4FapNGZeEMw__201306_35.657311_139.687461_210_012.jpg,2,1.5660383680991827,-0.5214126146395524,-50.58272597805026,-0.1200170937102311,0.9220919749318824,45.44379659881096,0.0007123210346381,-0.0009122795469867,1.0,0.0,0.0,0.0,0.0,0.0,0.0,0.0,0.0,0.0
tinyTimeMachine/5z/5zMriAHoEUJ4FapNGZeEMw/_201306/5zMriAHoEUJ4FapNGZeEMw__201306_35.657311_139.687461_150_012.jpg,2,-0.0021317211333587,0.0764961767590736,234.777812420482,-0.3323596044519501,0.8696881678427728,67.11699439862744,-0.0011072227657543,0.0004267623283245,1.0,0.0,0.0,0.0,0.0,0.0,0.0,0.0,0.0,0.0
tinyTimeMachine/5z/5zMriAHoEUJ4FapNGZeEMw/_201306/5zMriAHoEUJ4FapNGZeEMw__201306_35.657311_139.687461_330_012.jpg,2,0.6237090956430827,0.5544800357334451,-18.60763465695208,-0.3790180485319449,1.133543648896466,155.0697542876774,-0.0005911618083098,0.0011671728156473,1.0,0.0,0.0,0.0,0.0,0.0,0.0,0.0,0.0,0.0
tinyTimeMachine/5z/5zMriAHoEUJ4FapNGZeEMw/_201306/5zMriAHoEUJ4FapNGZeEMw__201306_35.657311_139.687461_090_012.jpg,2,1.0851658828015989,-0.2019300029659665,47.717554340912606,-0.1602739290707994,0.7975827295453812,147.92309647896047,0.0003972289309775,-0.0004554891741875,1.0,0.0,0.0,0.0,0.0,0.0,0.0,0.0,0.0,0.0
tinyTimeMachine/5z/5zMriAHoEUJ4FapNGZeEMw/_201306/5zMriAHoEUJ4FapNGZeEMw__201306_35.657311_139.687461_300_012.jpg,2,0.4337154614932468,0.5674848128551958,-22.36625514403599,-0.2744953948657674,1.2721193415638006,-27.757201646092437,-0.0012737605330197,0.0010533019792279,1.0,0.0,0.0,0.0,0.0,0.0,0.0,0.0,0.0,0.0
tinyTimeMachine/5z/5zMriAHoEUJ4FapNGZeEMw/_201306/5zMriAHoEUJ4FapNGZeEMw__201306_35.657311_139.687461_060_012.jpg,2,1.8238634326485497,-0.3175486716144954,-120.02549209422892,0.5833781506579276,1.6780413036463635,-315.29461116489813,0.0013669283998422,-0.0002957943422609,1.0,0.0,0.0,0.0,0.0,0.0,0.0,0.0,0.0,0.0
tinyTimeMachine/5z/5zMriAHoEUJ4FapNGZeEMw/_201306/5zMriAHoEUJ4FapNGZeEMw__201306_35.657311_139.687461_000_012.jpg,2,3.072745865081158,-0.0961445672729138,-433.9131545400617,0.4134368441624612,2.474887909558902,-360.9247929702349,0.0021618311065266,0.0005111883654622,1.0,0.0,0.0,0.0,0.0,0.0,0.0,0.0,0.0,0.0
tinyTimeMachine/5z/5zMriAHoEUJ4FapNGZeEMw/_201306/5zMriAHoEUJ4FapNGZeEMw__201306_35.657311_139.687461_120_012.jpg,2,0.1247540008523471,-0.2532965168144849,214.8835464399767,-0.2118318216461316,0.2908345761526795,125.246148756174,-0.0008164884829226,-0.0005554750519247,1.0,0.0,0.0,0.0,0.0,0.0,0.0,0.0,0.0,0.0
tinyTimeMachine/5z/5zMriAHoEUJ4FapNGZeEMw/_201306/5zMriAHoEUJ4FapNGZeEMw__201306_35.657311_139.687461_030_012.jpg,2,0.8664249952160878,0.2018625409727686,68.1550790989629,-0.463480692464632,1.3699586726111268,147.1778420077048,-0.0001429226965526,0.0008139810528059,1.0,0.0,0.0,0.0,0.0,0.0,0.0,0.0,0.0,0.0
tinyTimeMachine/5z/5zMriAHoEUJ4FapNGZeEMw/_201306/5zMriAHoEUJ4FapNGZeEMw__201306_35.657311_139.687461_270_012.jpg,2,2.5099771773994446,-0.1782503156702949,-153.81606217616527,0.7594875709350973,1.2615711763980308,-135.80310880828856,0.0025868184061188,-0.00038755787289,1.0,0.0,0.0,0.0,0.0,0.0,0.0,0.0,0.0,0.0
tinyTimeMachine/5z/5zMriAHoEUJ4FapNGZeEMw/_200909/5zMriAHoEUJ4FapNGZeEMw__200909_35.657311_139.687461_060_012.jpg,2,0.4958900800969288,-0.4881162428136614,190.0662400957588,0.0093270356404135,0.4858387369197405,13.645651380834966,-0.0003668820816122,-0.0008311674156314,1.0,0.0,0.0,0.0,0.0,0.0,0.0,0.0,0.0,0.0
tinyTimeMachine/5z/5zMriAHoEUJ4FapNGZeEMw/_200909/5zMriAHoEUJ4FapNGZeEMw__200909_35.657311_139.687461_000_012.jpg,2,5.746386990415469,1.08347879451041,-1259.0790266693289,1.483064990027576,2.7433829638185347,-502.3166711535275,0.005152835552159,3.093763840526217e-05,1.0,0.0,0.0,0.0,0.0,0.0,0.0,0.0,0.0,0.0
tinyTimeMachine/5z/5zMriAHoEUJ4FapNGZeEMw/_200909/5zMriAHoEUJ4FapNGZeEMw__200909_35.657311_139.687461_150_012.jpg,2,0.7983918504245988,1.1488931706272825,-83.98928709055845,-0.0518975237279719,2.3381417255405754,-224.8063712267172,-0.0011642760294012,0.0032840933418968,1.0,0.0,0.0,0.0,0.0,0.0,0.0,0.0,0.0,0.0
tinyTimeMachine/5z/5zMriAHoEUJ4FapNGZeEMw/_200909/5zMriAHoEUJ4FapNGZeEMw__200909_35.657311_139.687461_090_012.jpg,2,3.254716260876851,-0.3254727242302488,-510.65942520080665,0.9190577413821962,1.2997696515227686,-255.2581701807243,0.003208406542838,-0.0017865733768406,1.0,0.0,0.0,0.0,0.0,0.0,0.0,0.0,0.0,0.0
tinyTimeMachine/5z/5zMriAHoEUJ4FapNGZeEMw/_200909/5zMriAHoEUJ4FapNGZeEMw__200909_35.657311_139.687461_120_012.jpg,2,0.6967790601108288,2.3794386891881483,-259.71049708598593,-0.7498587614373797,3.327247536991241,-32.671457714722706,-0.0022135364808513,0.0061739321553373,1.0,0.0,0.0,0.0,0.0,0.0,0.0,0.0,0.0,0.0
tinyTimeMachine/5z/5zMriAHoEUJ4FapNGZeEMw/_200909/5zMriAHoEUJ4FapNGZeEMw__200909_35.657311_139.687461_030_012.jpg,2,2.429818049609357,0.953976453638981,-517.7983299629532,0.1040722575892207,1.7798573101770976,27.34391168617907,0.0011731674545996,0.0008713986197336,1.0,0.0,0.0,0.0,0.0,0.0,0.0,0.0,0.0,0.0
tinyTimeMachine/cd/CDMjyEQ7ikcTwpAhfKiFjg/_201306/CDMjyEQ7ikcTwpAhfKiFjg__201306_35.650712_139.693062_180_012.jpg,2,7.557020346902061,-2.09731411210769,-721.6419623080133,3.531301669148037,2.179258808719791,-941.232383165706,0.0107350787368218,-0.0041737777939165,1.0,0.0,0.0,0.0,0.0,0.0,0.0,0.0,0.0,0.0
tinyTimeMachine/cd/CDMjyEQ7ikcTwpAhfKiFjg/_201306/CDMjyEQ7ikcTwpAhfKiFjg__201306_35.650712_139.693062_240_012.jpg,2,2.22377723112382,-0.5252816903637944,-48.60182168738832,0.3366492697737341,2.0142942623495803,-214.9857722225921,0.0013324690290982,0.0004345265797296,1.0,0.0,0.0,0.0,0.0,0.0,0.0,0.0,0.0,0.0
tinyTimeMachine/cd/CDMjyEQ7ikcTwpAhfKiFjg/_201306/CDMjyEQ7ikcTwpAhfKiFjg__201306_35.650712_139.693062_300_012.jpg,2,86.47922885572346,-23.393532338308987,-9936.844776119651,36.08097014925461,22.502686567164712,-10441.731940298758,0.1192379014020833,-0.0354726368159212,1.0,0.0,0.0,0.0,0.0,0.0,0.0,0.0,0.0,0.0
tinyTimeMachine/cd/CDMjyEQ7ikcTwpAhfKiFjg/_201306/CDMjyEQ7ikcTwpAhfKiFjg__201306_35.650712_139.693062_000_012.jpg,2,1.4107895537190756,-0.63401571725379,70.54834862423648,0.1954868120321296,0.7581380880537191,-5.272269445863189,0.0009525209275406,-0.0009463750647949,1.0,0.0,0.0,0.0,0.0,0.0,0.0,0.0,0.0,0.0
tinyTimeMachine/cd/CDMjyEQ7ikcTwpAhfKiFjg/_201306/CDMjyEQ7ikcTwpAhfKiFjg__201306_35.650712_139.693062_120_012.jpg,2,0.2864774067939458,-0.2805581611600248,151.40951547380268,-0.3021756022433387,0.5740181907999908,107.29013547205972,-0.0007420742161392,-0.000570249614971,1.0,0.0,0.0,0.0,0.0,0.0,0.0,0.0,0.0,0.0
tinyTimeMachine/cd/CDMjyEQ7ikcTwpAhfKiFjg/_201306/CDMjyEQ7ikcTwpAhfKiFjg__201306_35.650712_139.693062_270_012.jpg,2,-0.1595966794616419,0.1185251837496161,252.99825336765085,-0.4189630381604518,0.7424937819660691,135.1511332601877,-0.0012985807045548,0.0003809720755302,1.0,0.0,0.0,0.0,0.0,0.0,0.0,0.0,0.0,0.0
tinyTimeMachine/cd/CDMjyEQ7ikcTwpAhfKiFjg/_201306/CDMjyEQ7ikcTwpAhfKiFjg__201306_35.650712_139.693062_150_012.jpg,2,1.615242970090281,-0.3571408592526245,-7.271425374809501,-0.0245541818950262,1.3033047102260271,-6.870776460061362,0.0015706192038985,-0.0006747874244797,1.0,0.0,0.0,0.0,0.0,0.0,0.0,0.0,0.0,0.0
tinyTimeMachine/cd/CDMjyEQ7ikcTwpAhfKiFjg/_201306/CDMjyEQ7ikcTwpAhfKiFjg__201306_35.650712_139.693062_060_012.jpg,2,0.3501610746441965,0.6906002594937608,-13.969061285070389,-0.4380121374318831,1.2880317057370634,63.945311323185294,-0.0013268096408211,0.0010590064876517,1.0,0.0,0.0,0.0,0.0,0.0,0.0,0.0,0.0,0.0
tinyTimeMachine/cd/CDMjyEQ7ikcTwpAhfKiFjg/_201306/CDMjyEQ7ikcTwpAhfKiFjg__201306_35.650712_139.693062_030_012.jpg,2,0.0994070332523286,-0.5410674437290113,274.7134260073401,-0.185231983997338,0.2265531771439964,105.2046257903806,-0.000592513571165,-0.0011740802812189,1.0,0.0,0.0,0.0,0.0,0.0,0.0,0.0,0.0,0.0
tinyTimeMachine/cd/CDMjyEQ7ikcTwpAhfKiFjg/_201306/CDMjyEQ7ikcTwpAhfKiFjg__201306_35.650712_139.693062_330_012.jpg,2,6.636949390815445,1.1614436894720608,-857.0358481724595,0.3700796626054477,6.16675452983449,-811.5250702905445,0.0056818181818182,0.0044907841299594,1.0,0.0,0.0,0.0,0.0,0.0,0.0,0.0,0.0,0.0
tinyTimeMachine/cd/CDMjyEQ7ikcTwpAhfKiFjg/_201306/CDMjyEQ7ikcTwpAhfKiFjg__201306_35.650712_139.693062_090_012.jpg,2,0.1750593858051427,-0.3297156536451508,203.99264690462311,-0.2053416803561472,0.4629642934351412,75.54916290286796,-0.0009431825095696,-0.0004013962622218,1.0,0.0,0.0,0.0,0.0,0.0,0.0,0.0,0.0,0.0
tinyTimeMachine/cd/CDMjyEQ7ikcTwpAhfKiFjg/_201306/CDMjyEQ7ikcTwpAhfKiFjg__201306_35.650712_139.693062_210_012.jpg,2,1.028366054716035,0.2970526751380876,-11.596172060052156,-0.0225824113892645,1.5225173782608905,-77.0090548031682,-0.0001116065022169,0.0004952171623796,1.0,0.0,0.0,0.0,0.0,0.0,0.0,0.0,0.0,0.0
tinyTimeMachine/cd/CDMjyEQ7ikcTwpAhfKiFjg/_200912/CDMjyEQ7ikcTwpAhfKiFjg__200912_35.650712_139.693062_150_012.jpg,2,-2.89821955150416,-1.4084244484849373,898.6546429998233,-0.6368815924292205,-2.5446579750557605,532.9346726784975,-0.0035432311158582,-0.0035475116934508,1.0,0.0,0.0,0.0,0.0,0.0,0.0,0.0,0.0,0.0
tinyTimeMachine/cd/CDMjyEQ7ikcTwpAhfKiFjg/_200912/CDMjyEQ7ikcTwpAhfKiFjg__200912_35.650712_139.693062_060_012.jpg,2,0.4665507830062666,0.6771633199719211,-74.59784570376226,-0.1030772494411673,1.2403636087312069,-81.33700868178047,-0.0010312379287853,0.0008354072075838,1.0,0.0,0.0,0.0,0.0,0.0,0.0,0.0,0.0,0.0
tinyTimeMachine/cd/CDMjyEQ7ikcTwpAhfKiFjg/_200912/CDMjyEQ7ikcTwpAhfKiFjg__200912_35.650712_139.693062_030_012.jpg,2,1.2808690426804443,1.4214694727870136,-321.234528972122,0.3219337528610119,3.062685460781516,-467.6230711512024,-0.0011386451341362,0.0038482521820805,1.0,0.0,0.0,0.0,0.0,0.0,0.0,0.0,0.0,0.0
tinyTimeMachine/cd/CDMjyEQ7ikcTwpAhfKiFjg/_200912/CDMjyEQ7ikcTwpAhfKiFjg__200912_35.650712_139.693062_090_012.jpg,2,2.0085928154217294,-0.3600628743971881,-24.24982599337385,0.5964794638219123,1.757840908705135,-264.80755036007594,0.0024024233041002,-0.0009171422848004,1.0,0.0,0.0,0.0,0.0,0.0,0.0,0.0,0.0,0.0
tinyTimeMachine/cd/CDMjyEQ7ikcTwpAhfKiFjg/_200912/CDMjyEQ7ikcTwpAhfKiFjg__200912_35.650712_139.693062_120_012.jpg,2,0.9022011007283232,0.0793796373803485,1.5327399764235707,0.2210823923330508,0.9538354658876768,-49.238259562326746,9.00427649748692e-05,-9.288996702939489e-05,1.0,0.0,0.0,0.0,0.0,0.0,0.0,0.0,0.0,0.0
tinyTimeMachine/cd/CDMjyEQ7ikcTwpAhfKiFjg/_200912/CDMjyEQ7ikcTwpAhfKiFjg__200912_35.650712_139.693062_000_012.jpg,2,0.0158195232747914,0.1505511995966902,126.35708393518904,-0.4694625899272196,0.5658973399185512,188.1408889989256,-0.0013439456539042,0.0002636750186084,1.0,0.0,0.0,0.0,0.0,0.0,0.0,0.0,0.0,0.0
tinyTimeMachine/eh/EhCtGXKwa7kJa9xGxyk3lw/_200910/EhCtGXKwa7kJa9xGxyk3lw__200910_35.650043_139.685757_120_012.jpg,2,-4.654899507817269,-2.155351752005682,1351.048948091739,-0.5487278429714256,-3.396916223232348,452.5309581703457,-0.0053454382069985,-0.0044189249509578,1.0,0.0,0.0,0.0,0.0,0.0,0.0,0.0,0.0,0.0
tinyTimeMachine/eh/EhCtGXKwa7kJa9xGxyk3lw/_200910/EhCtGXKwa7kJa9xGxyk3lw__200910_35.650043_139.685757_150_012.jpg,2,0.1711719058074358,-0.6287966934262829,255.902896173001,-0.1933356133372947,0.0189061822997073,150.63556611443497,-0.0003243528764562,-0.0016897182369483,1.0,0.0,0.0,0.0,0.0,0.0,0.0,0.0,0.0,0.0
tinyTimeMachine/eh/EhCtGXKwa7kJa9xGxyk3lw/_200910/EhCtGXKwa7kJa9xGxyk3lw__200910_35.650043_139.685757_000_012.jpg,2,6.104070179224558,1.1793698090448057,-1159.235321458809,2.000782966196877,2.449490380305794,-484.19644428213365,0.0056903382524636,0.000778816199377,1.0,0.0,0.0,0.0,0.0,0.0,0.0,0.0,0.0,0.0
tinyTimeMachine/eh/EhCtGXKwa7kJa9xGxyk3lw/_200910/EhCtGXKwa7kJa9xGxyk3lw__200910_35.650043_139.685757_030_012.jpg,2,1.5012697429943076,0.8174149822394703,-284.7479884496564,0.1007323019535039,2.066413060605187,-197.0612251189572,-0.0007752047516775,0.0029426095862492,1.0,0.0,0.0,0.0,0.0,0.0,0.0,0.0,0.0,0.0
tinyTimeMachine/eh/EhCtGXKwa7kJa9xGxyk3lw/_200910/EhCtGXKwa7kJa9xGxyk3lw__200910_35.650043_139.685757_060_012.jpg,2,-37.3155094912056,-41.16804790135945,11214.197394789871,-5.597152638610699,-71.21381652193479,8505.276887107784,-0.0242533678468052,-0.1038709363170816,1.0,0.0,0.0,0.0,0.0,0.0,0.0,0.0,0.0,0.0
tinyTimeMachine/eh/EhCtGXKwa7kJa9xGxyk3lw/_200910/EhCtGXKwa7kJa9xGxyk3lw__200910_35.650043_139.685757_090_012.jpg,2,0.8202011413684485,0.7229557302598608,-138.03102382586314,-0.4685212187550684,1.5264355944742043,81.41732075166463,-0.0007263577642991,0.0012308150466744,1.0,0.0,0.0,0.0,0.0,0.0,0.0,0.0,0.0,0.0
tinyTimeMachine/eh/EhCtGXKwa7kJa9xGxyk3lw/_201306/EhCtGXKwa7kJa9xGxyk3lw__201306_35.650043_139.685757_300_012.jpg,2,0.9555133614924984,0.1414202387603234,-89.68322639625053,-0.2082416326668798,1.3909605009960202,-52.26674736325499,-0.000571894733278,0.0006050480511492,1.0,0.0,0.0,0.0,0.0,0.0,0.0,0.0,0.0,0.0
tinyTimeMachine/eh/EhCtGXKwa7kJa9xGxyk3lw/_201306/EhCtGXKwa7kJa9xGxyk3lw__201306_35.650043_139.685757_060_012.jpg,2,0.9665697586999265,-0.0327558701117409,-41.53937064703912,-0.3436263276917729,0.7511179375218145,137.81595756197834,0.0002341879879229,-0.0007145928812865,1.0,0.0,0.0,0.0,0.0,0.0,0.0,0.0,0.0,0.0
tinyTimeMachine/eh/EhCtGXKwa7kJa9xGxyk3lw/_201306/EhCtGXKwa7kJa9xGxyk3lw__201306_35.650043_139.685757_000_012.jpg,2,1.7738932830711542,-0.016665605163152,-217.23799041462595,0.3079471450863033,1.5450435747192388,-229.7972024074917,0.0002799715517058,8.923263911003596e-05,1.0,0.0,0.0,0.0,0.0,0.0,0.0,0.0,0.0,0.0
tinyTimeMachine/eh/EhCtGXKwa7kJa9xGxyk3lw/_201306/EhCtGXKwa7kJa9xGxyk3lw__201306_35.650043_139.685757_270_012.jpg,2,2.173164705774367,0.6653145349424954,-190.0845962031388,0.2674838582279555,2.652794903057601,-283.7163295952523,0.0009025213769414,0.0021111451703267,1.0,0.0,0.0,0.0,0.0,0.0,0.0,0.0,0.0,0.0
tinyTimeMachine/eh/EhCtGXKwa7kJa9xGxyk3lw/_201306/EhCtGXKwa7kJa9xGxyk3lw__201306_35.650043_139.685757_210_012.jpg,2,3.4140000806860447,1.9232476219543315,-513.4935880907414,0.6180037747035195,6.204025181061245,-988.9589606234584,0.0026315050928678,0.0045545955085939,1.0,0.0,0.0,0.0,0.0,0.0,0.0,0.0,0.0,0.0
tinyTimeMachine/eh/EhCtGXKwa7kJa9xGxyk3lw/_201306/EhCtGXKwa7kJa9xGxyk3lw__201306_35.650043_139.685757_240_012.jpg,2,0.0357155589260995,0.2985965270485951,118.23521176058428,-0.5034126706335351,1.0114144596119026,134.78357251195567,-0.0014800797910266,0.0008586366818341,1.0,0.0,0.0,0.0,0.0,0.0,0.0,0.0,0.0,0.0
tinyTimeMachine/eh/EhCtGXKwa7kJa9xGxyk3lw/_201306/EhCtGXKwa7kJa9xGxyk3lw__201306_35.650043_139.685757_330_012.jpg,2,1.4465447950396009,-0.1913712550845358,-94.16264649979507,0.4228935527708835,1.412957866669983,-237.7037918139687,0.0007746766634265,-0.0004084916738381,1.0,0.0,0.0,0.0,0.0,0.0,0.0,0.0,0.0,0.0
tinyTimeMachine/eh/EhCtGXKwa7kJa9xGxyk3lw/_201306/EhCtGXKwa7kJa9xGxyk3lw__201306_35.650043_139.685757_180_012.jpg,2,8.349730664093968,5.125171249397061,-2257.97956584662,1.256456825856255,10.638488502974845,-1235.504582730353,0.0030463096960926,0.0144219327866217,1.0,0.0,0.0,0.0,0.0,0.0,0.0,0.0,0.0,0.0
tinyTimeMachine/eh/EhCtGXKwa7kJa9xGxyk3lw/_201306/EhCtGXKwa7kJa9xGxyk3lw__201306_35.650043_139.685757_030_012.jpg,2,2.6756143471980067,0.0927636755108867,-381.9931297549211,0.2121514533120903,1.5858811370326291,5.4835936018142775,0.0012133862065897,0.0010945501675412,1.0,0.0,0.0,0.0,0.0,0.0,0.0,0.0,0.0,0.0
tinyTimeMachine/eh/EhCtGXKwa7kJa9xGxyk3lw/_201306/EhCtGXKwa7kJa9xGxyk3lw__201306_35.650043_139.685757_090_012.jpg,2,0.3504871856866642,0.2002613905007573,143.23472275950854,-0.0408615409413325,0.8865891629056626,9.128862024501457,-0.0004744251020846,0.0003419836664517,1.0,0.0,0.0,0.0,0.0,0.0,0.0,0.0,0.0,0.0
tinyTimeMachine/eh/EhCtGXKwa7kJa9xGxyk3lw/_201306/EhCtGXKwa7kJa9xGxyk3lw__201306_35.650043_139.685757_120_012.jpg,2,0.9663022580647171,0.7113001906549917,-166.67141783954162,-0.574581667382522,1.4438092963786873,152.5607909666336,-0.0010166376731801,0.0016826725084811,1.0,0.0,0.0,0.0,0.0,0.0,0.0,0.0,0.0,0.0
tinyTimeMachine/eh/EhCtGXKwa7kJa9xGxyk3lw/_201306/EhCtGXKwa7kJa9xGxyk3lw__201306_35.650043_139.685757_150_012.jpg,2,1.376012316984483,0.469770815545653,-65.83176169244122,-0.5242110172975377,1.82121319925372,98.23777630205768,0.0003276887075862,0.0009261455269898,1.0,0.0,0.0,0.0,0.0,0.0,0.0,0.0,0.0,0.0
tinyTimeMachine/6z/6zHPQqtzrPsgvlgACNXC1g/_201407/6zHPQqtzrPsgvlgACNXC1g__201407_35.652096_139.712896_150_012.jpg,2,0.495261339381849,-0.1674591178366319,87.95642972534753,-0.2563429994446308,0.5388594127288271,110.39183776048245,-0.0003816858876944,-0.0007413738914045,1.0,0.0,0.0,0.0,0.0,0.0,0.0,0.0,0.0,0.0
tinyTimeMachine/6z/6zHPQqtzrPsgvlgACNXC1g/_201407/6zHPQqtzrPsgvlgACNXC1g__201407_35.652096_139.712896_210_012.jpg,2,2.8363897607888555,2.2951942784251416,-698.9254848002737,-0.1177626329946132,4.6231899117589474,-352.2073067606867,0.0008635392928293,0.0052128869205448,1.0,0.0,0.0,0.0,0.0,0.0,0.0,0.0,0.0,0.0
tinyTimeMachine/6z/6zHPQqtzrPsgvlgACNXC1g/_201407/6zHPQqtzrPsgvlgACNXC1g__201407_35.652096_139.712896_120_012.jpg,2,0.4321745476698055,-0.1854950539558112,82.016425275648,-0.10483131584901,0.3234096493055375,124.42272911829195,-0.0006232348411913,-0.000628634103436,1.0,0.0,0.0,0.0,0.0,0.0,0.0,0.0,0.0,0.0
tinyTimeMachine/6z/6zHPQqtzrPsgvlgACNXC1g/_201407/6zHPQqtzrPsgvlgACNXC1g__201407_35.652096_139.712896_060_012.jpg,2,-5.470434255561885,-4.116942622171487,1767.6394067313126,-1.259732601254998,-6.470763453127936,1098.9047290359365,-0.0049443810610382,-0.0094799391519299,1.0,0.0,0.0,0.0,0.0,0.0,0.0,0.0,0.0,0.0
tinyTimeMachine/6z/6zHPQqtzrPsgvlgACNXC1g/_201407/6zHPQqtzrPsgvlgACNXC1g__201407_35.652096_139.712896_000_012.jpg,2,1.389160956637765,-0.0598102200184826,0.5093515511123741,0.3855296157905708,1.4375570578673669,-208.72786324439576,0.0013838123648853,-0.0008454745687357,1.0,0.0,0.0,0.0,0.0,0.0,0.0,0.0,0.0,0.0
tinyTimeMachine/6z/6zHPQqtzrPsgvlgACNXC1g/_201407/6zHPQqtzrPsgvlgACNXC1g__201407_35.652096_139.712896_030_012.jpg,2,2.1330767789274243,0.528975645328996,-327.00927849328417,0.3767606001455149,1.6778082499675842,-144.33448737478673,0.0007417464054356,0.0013294832312281,1.0,0.0,0.0,0.0,0.0,0.0,0.0,0.0,0.0,0.0
tinyTimeMachine/6z/6zHPQqtzrPsgvlgACNXC1g/_201407/6zHPQqtzrPsgvlgACNXC1g__201407_35.652096_139.712896_180_012.jpg,2,-0.0072670933114288,0.2415484765449547,162.27513053723254,-0.3687567500022353,0.6036728193959788,142.9436293367377,-0.0012171574271594,0.0003575455727423,1.0,0.0,0.0,0.0,0.0,0.0,0.0,0.0,0.0,0.0
tinyTimeMachine/6z/6zHPQqtzrPsgvlgACNXC1g/_201407/6zHPQqtzrPsgvlgACNXC1g__201407_35.652096_139.712896_240_012.jpg,2,1.1451763993626878,-0.2916858416220217,122.79515011688808,0.0058371120778708,1.5621708299329908,-133.70368711381877,0.0004558526054418,7.465449287102575e-05,1.0,0.0,0.0,0.0,0.0,0.0,0.0,0.0,0.0,0.0
tinyTimeMachine/6z/6zHPQqtzrPsgvlgACNXC1g/_201407/6zHPQqtzrPsgvlgACNXC1g__201407_35.652096_139.712896_270_012.jpg,2,0.3434390233753577,-0.3875899021518747,214.1837124667503,0.0869106147754761,0.4826645285398484,-24.619323801386518,-0.0004261049922701,-0.0008234028864711,1.0,0.0,0.0,0.0,0.0,0.0,0.0,0.0,0.0,0.0
tinyTimeMachine/6z/6zHPQqtzrPsgvlgACNXC1g/_201407/6zHPQqtzrPsgvlgACNXC1g__201407_35.652096_139.712896_090_012.jpg,2,0.5309729630101614,-0.4325457594567993,160.25359522335776,-0.0989843114768029,0.5070444381743016,35.59305712309223,-6.390244050436135e-05,-0.0012717913010764,1.0,0.0,0.0,0.0,0.0,0.0,0.0,0.0,0.0,0.0
tinyTimeMachine/6z/6zHPQqtzrPsgvlgACNXC1g/_201407/6zHPQqtzrPsgvlgACNXC1g__201407_35.652096_139.712896_330_012.jpg,2,0.0397394472581448,-0.1754679213213907,158.65583945764516,-0.3761913121932991,0.3262573948249711,176.68946883567685,-0.0011786127955927,-0.0003888475491077,1.0,0.0,0.0,0.0,0.0,0.0,0.0,0.0,0.0,0.0
tinyTimeMachine/6z/6zHPQqtzrPsgvlgACNXC1g/_201407/6zHPQqtzrPsgvlgACNXC1g__201407_35.652096_139.712896_300_012.jpg,2,0.4554476181270302,-0.5169625548413289,161.78302965862832,-0.0626466687072875,-0.0189461064660327,154.6196091698495,-0.0001194829743474,-0.0014935371793425,1.0,0.0,0.0,0.0,0.0,0.0,0.0,0.0,0.0,0.0
tinyTimeMachine/6z/6zHPQqtzrPsgvlgACNXC1g/_200911/6zHPQqtzrPsgvlgACNXC1g__200911_35.652096_139.712896_120_012.jpg,2,0.8330127556943691,1.0257540690140896,-84.30595690178308,-0.0883071553228704,2.427608251129152,-176.07604880569843,-0.0009943149900006,0.0026599330382221,1.0,0.0,0.0,0.0,0.0,0.0,0.0,0.0,0.0,0.0
tinyTimeMachine/6z/6zHPQqtzrPsgvlgACNXC1g/_200911/6zHPQqtzrPsgvlgACNXC1g__200911_35.652096_139.712896_030_012.jpg,2,40.44843718892972,15.04242152763906,-8440.214612780948,16.01473223173354,45.5114805229265,-8641.701771849226,0.0476806689229529,0.0424464131661012,1.0,0.0,0.0,0.0,0.0,0.0,0.0,0.0,0.0,0.0
tinyTimeMachine/6z/6zHPQqtzrPsgvlgACNXC1g/_200911/6zHPQqtzrPsgvlgACNXC1g__200911_35.652096_139.712896_000_012.jpg,2,0.3204061981484509,-0.607907437441421,252.6414359711093,-0.0737232476397349,0.0090285065444066,153.07706812276578,-0.0004382420558981,-0.0011598846943108,1.0,0.0,0.0,0.0,0.0,0.0,0.0,0.0,0.0,0.0
tinyTimeMachine/6z/6zHPQqtzrPsgvlgACNXC1g/_200911/6zHPQqtzrPsgvlgACNXC1g__200911_35.652096_139.712896_090_012.jpg,2,0.1967485660391902,0.0066910151287962,103.3033837625544,-0.2862075104900588,0.426884840435804,155.32469107286968,-0.0010235703012005,-0.0001886971441769,1.0,0.0,0.0,0.0,0.0,0.0,0.0,0.0,0.0,0.0
tinyTimeMachine/6z/6zHPQqtzrPsgvlgACNXC1g/_200911/6zHPQqtzrPsgvlgACNXC1g__200911_35.652096_139.712896_150_012.jpg,2,0.9055722111825916,-0.5208619421614935,112.81788052722167,0.1550002269473398,0.1340556797996271,108.00222485327144,0.000501784421565,-0.0013698580078946,1.0,0.0,0.0,0.0,0.0,0.0,0.0,0.0,0.0,0.0
tinyTimeMachine/6z/6zHPQqtzrPsgvlgACNXC1g/_200911/6zHPQqtzrPsgvlgACNXC1g__200911_35.652096_139.712896_060_012.jpg,2,1.7327809036278918,1.3283939887765932,-380.0303848326934,-0.4719968296817208,2.167862947384579,95.3145311486395,8.882733100353011e-05,0.0020781235831223,1.0,0.0,0.0,0.0,0.0,0.0,0.0,0.0,0.0,0.0
tinyTimeMachine/gs/GsoXfxd-KFjbE5j8nXfhRQ/_201306/GsoXfxd-KFjbE5j8nXfhRQ__201306_35.650873_139.707946_240_012.jpg,2,1.8277376810989,0.3252820406344315,-159.1365234242493,0.3281215993634509,2.116405476015186,-302.5334792396956,0.0017695280329978,-0.00033679904447,1.0,0.0,0.0,0.0,0.0,0.0,0.0,0.0,0.0,0.0
tinyTimeMachine/gs/GsoXfxd-KFjbE5j8nXfhRQ/_201306/GsoXfxd-KFjbE5j8nXfhRQ__201306_35.650873_139.707946_030_012.jpg,2,0.2204420527088554,-0.4705166905087413,204.14752525475268,-0.1618941800108878,0.0442684208978554,149.0513697119415,-0.0005260750468964,-0.0012566983650842,1.0,0.0,0.0,0.0,0.0,0.0,0.0,0.0,0.0,0.0
tinyTimeMachine/gs/GsoXfxd-KFjbE5j8nXfhRQ/_201306/GsoXfxd-KFjbE5j8nXfhRQ__201306_35.650873_139.707946_180_012.jpg,2,1.1204128384463654,-0.2997738714595381,77.22071754223491,-0.0747389558967085,0.8617468627788003,112.10875740813064,0.0003490032916905,-0.000442385665242,1.0,0.0,0.0,0.0,0.0,0.0,0.0,0.0,0.0,0.0
tinyTimeMachine/gs/GsoXfxd-KFjbE5j8nXfhRQ/_201306/GsoXfxd-KFjbE5j8nXfhRQ__201306_35.650873_139.707946_090_012.jpg,2,1.524866273378906,-0.2080889919147243,-119.9804618852492,0.6708769175705481,0.9586247137416236,-228.79262453729504,0.0002992202398946,-0.0002810840960966,1.0,0.0,0.0,0.0,0.0,0.0,0.0,0.0,0.0,0.0
tinyTimeMachine/gs/GsoXfxd-KFjbE5j8nXfhRQ/_201306/GsoXfxd-KFjbE5j8nXfhRQ__201306_35.650873_139.707946_000_012.jpg,2,0.9514603479789804,-0.5544377720013154,169.08926105591087,-0.1198227076696868,0.8100417985168149,96.55330048762532,0.0001412491909794,-0.0003092900506459,1.0,0.0,0.0,0.0,0.0,0.0,0.0,0.0,0.0,0.0
tinyTimeMachine/gs/GsoXfxd-KFjbE5j8nXfhRQ/_201306/GsoXfxd-KFjbE5j8nXfhRQ__201306_35.650873_139.707946_210_012.jpg,2,0.1865885361519905,0.6885019673804195,99.5415872554903,-0.5545295127229389,1.4456751916456532,140.96559151495447,-0.0013704100339426,0.0019464561942735,1.0,0.0,0.0,0.0,0.0,0.0,0.0,0.0,0.0,0.0
tinyTimeMachine/gs/GsoXfxd-KFjbE5j8nXfhRQ/_201306/GsoXfxd-KFjbE5j8nXfhRQ__201306_35.650873_139.707946_270_012.jpg,2,3.004746327688152,-0.8601780466215729,-231.70511596563287,0.6654345401888471,0.460593346115904,108.05896557533542,0.0039280299079816,-0.0026140067977547,1.0,0.0,0.0,0.0,0.0,0.0,0.0,0.0,0.0,0.0
tinyTimeMachine/gs/GsoXfxd-KFjbE5j8nXfhRQ/_201306/GsoXfxd-KFjbE5j8nXfhRQ__201306_35.650873_139.707946_330_012.jpg,2,0.6355061830819718,-0.5771533470368218,190.1507590579248,0.1397478939135028,0.3731329249114708,-4.901260556231065,-0.0001538805237045,-0.0009747486317144,1.0,0.0,0.0,0.0,0.0,0.0,0.0,0.0,0.0,0.0
tinyTimeMachine/gs/GsoXfxd-KFjbE5j8nXfhRQ/_201306/GsoXfxd-KFjbE5j8nXfhRQ__201306_35.650873_139.707946_150_012.jpg,2,-46.7375576362418,2.296598659114674,7350.374407583237,-12.731514661118698,-29.2230522482962,6663.897468501028,-0.0642379172606918,-0.0046285593187686,1.0,0.0,0.0,0.0,0.0,0.0,0.0,0.0,0.0,0.0
tinyTimeMachine/gs/GsoXfxd-KFjbE5j8nXfhRQ/_201306/GsoXfxd-KFjbE5j8nXfhRQ__201306_35.650873_139.707946_300_012.jpg,2,0.3624283981207638,-0.2676374765618722,198.6016022798116,-0.0347663246562254,0.4857440968387622,59.52090689037218,-0.0005821139793191,-0.0004713373123281,1.0,0.0,0.0,0.0,0.0,0.0,0.0,0.0,0.0,0.0
tinyTimeMachine/gs/GsoXfxd-KFjbE5j8nXfhRQ/_201306/GsoXfxd-KFjbE5j8nXfhRQ__201306_35.650873_139.707946_060_012.jpg,2,0.6443591014205492,-0.3753567888998925,104.61415262636145,0.0856103402708914,0.4882598282127602,-19.17883052527319,-1.8995705318804288e-05,-0.0012561942517343,1.0,0.0,0.0,0.0,0.0,0.0,0.0,0.0,0.0,0.0
tinyTimeMachine/gs/GsoXfxd-KFjbE5j8nXfhRQ/_201306/GsoXfxd-KFjbE5j8nXfhRQ__201306_35.650873_139.707946_120_012.jpg,2,0.573197590663729,-0.0416633166980395,22.175330947765477,0.011107816166136,0.3717056214609542,61.254838811162976,-0.0002968848981862,-0.0008329284240853,1.0,0.0,0.0,0.0,0.0,0.0,0.0,0.0,0.0,0.0
tinyTimeMachine/gs/GsoXfxd-KFjbE5j8nXfhRQ/_200912/GsoXfxd-KFjbE5j8nXfhRQ__200912_35.650873_139.707946_030_012.jpg,2,0.1653517400193916,0.7226387352087885,44.55301642030968,-0.1314392318641154,1.596053577569374,-141.7330261255573,-0.0017401025495168,0.0019807063699875,1.0,0.0,0.0,0.0,0.0,0.0,0.0,0.0,0.0,0.0
tinyTimeMachine/gs/GsoXfxd-KFjbE5j8nXfhRQ/_200912/GsoXfxd-KFjbE5j8nXfhRQ__200912_35.650873_139.707946_060_012.jpg,2,4.773694254632495,-0.2574653281622355,-423.53146188956873,2.759259747835876,3.4050954629801016,-942.3372292430768,0.0061619279623132,0.0007640116437573,1.0,0.0,0.0,0.0,0.0,0.0,0.0,0.0,0.0,0.0
tinyTimeMachine/gs/GsoXfxd-KFjbE5j8nXfhRQ/_200912/GsoXfxd-KFjbE5j8nXfhRQ__200912_35.650873_139.707946_000_012.jpg,2,1.361760501856201,-0.1569095342159757,-40.86526633574017,0.1013676945105774,1.111613591020285,-47.44470895696554,0.0006407596682662,-0.0003693109991313,1.0,0.0,0.0,0.0,0.0,0.0,0.0,0.0,0.0,0.0
tinyTimeMachine/gs/GsoXfxd-KFjbE5j8nXfhRQ/_200912/GsoXfxd-KFjbE5j8nXfhRQ__200912_35.650873_139.707946_090_012.jpg,2,0.9729336540207474,0.4754702950260142,-92.17047654459186,-0.2192551472568933,1.2831055890252945,-24.549318036198468,-0.0006506816893987,0.000940006942434,1.0,0.0,0.0,0.0,0.0,0.0,0.0,0.0,0.0,0.0
tinyTimeMachine/gs/GsoXfxd-KFjbE5j8nXfhRQ/_200912/GsoXfxd-KFjbE5j8nXfhRQ__200912_35.650873_139.707946_120_012.jpg,2,0.2027536164749031,-0.6655136350516822,280.17096106357945,-0.1420325307544397,0.0837282681898747,142.44483799356436,-0.000274078851565,-0.001519311423654,1.0,0.0,0.0,0.0,0.0,0.0,0.0,0.0,0.0,0.0
tinyTimeMachine/gs/GsoXfxd-KFjbE5j8nXfhRQ/_200912/GsoXfxd-KFjbE5j8nXfhRQ__200912_35.650873_139.707946_150_012.jpg,2,0.3196803504180166,-0.2243817132918391,213.3027581559227,-0.0822503552034279,0.672604664670002,30.56830749666725,-0.0007013261985845,-0.000230498723595,1.0,0.0,0.0,0.0,0.0,0.0,0.0,0.0,0.0,0.0
tinyTimeMachine/vu/vUZAIqG6i-rjDzucuroghw/_201306/vUZAIqG6i-rjDzucuroghw__201306_35.650444_139.705557_330_012.jpg,2,1.7509466282690975,0.1560190953443719,-236.26346463664945,-0.3181378388122902,1.5482769007489472,62.06454262907712,0.0003622593114905,0.0004282456532685,1.0,0.0,0.0,0.0,0.0,0.0,0.0,0.0,0.0,0.0
tinyTimeMachine/vu/vUZAIqG6i-rjDzucuroghw/_201306/vUZAIqG6i-rjDzucuroghw__201306_35.650444_139.705557_150_012.jpg,2,-3.866252634373808,-2.044325724763928,1030.276163687956,-1.5355368729360666,-4.4801826637460165,1014.214964902672,-0.0044776057483281,-0.0067709629777135,1.0,0.0,0.0,0.0,0.0,0.0,0.0,0.0,0.0,0.0
tinyTimeMachine/vu/vUZAIqG6i-rjDzucuroghw/_201306/vUZAIqG6i-rjDzucuroghw__201306_35.650444_139.705557_060_012.jpg,2,1.3676530784233427,1.184139558402163,-317.3780549469086,0.2157424574414178,1.805985288098044,-94.9983145120467,0.0002407839926801,0.0011908774971306,1.0,0.0,0.0,0.0,0.0,0.0,0.0,0.0,0.0,0.0
tinyTimeMachine/vu/vUZAIqG6i-rjDzucuroghw/_201306/vUZAIqG6i-rjDzucuroghw__201306_35.650444_139.705557_180_012.jpg,2,0.099670705794834,0.1813477557326676,166.15207210485755,-0.3171379614712846,0.8891777033524606,61.73203132108103,-0.0013457999489756,0.0007860488620327,1.0,0.0,0.0,0.0,0.0,0.0,0.0,0.0,0.0,0.0
tinyTimeMachine/vu/vUZAIqG6i-rjDzucuroghw/_201306/vUZAIqG6i-rjDzucuroghw__201306_35.650444_139.705557_210_012.jpg,2,-12.076339260429071,-5.627943974119357,3324.7984887405205,-3.1072620249411225,-12.483796273159498,2345.376835350683,-0.0091251120284394,-0.0172223943600968,1.0,0.0,0.0,0.0,0.0,0.0,0.0,0.0,0.0,0.0
tinyTimeMachine/vu/vUZAIqG6i-rjDzucuroghw/_201306/vUZAIqG6i-rjDzucuroghw__201306_35.650444_139.705557_270_012.jpg,2,0.3382338916552148,0.8471456799929453,-73.11208945927534,-0.383542258681973,1.3458693917492168,17.966123824720487,-0.0014057867921769,0.0011705931640123,1.0,0.0,0.0,0.0,0.0,0.0,0.0,0.0,0.0,0.0
tinyTimeMachine/vu/vUZAIqG6i-rjDzucuroghw/_201306/vUZAIqG6i-rjDzucuroghw__201306_35.650444_139.705557_240_012.jpg,2,0.72941684095291,0.3353278928691157,19.107761487284574,-0.0297303630086471,1.0336139148461212,-64.3378121773959,-0.0003825233555433,0.0003461951518415,1.0,0.0,0.0,0.0,0.0,0.0,0.0,0.0,0.0,0.0
tinyTimeMachine/vu/vUZAIqG6i-rjDzucuroghw/_201306/vUZAIqG6i-rjDzucuroghw__201306_35.650444_139.705557_090_012.jpg,2,0.4518524850953819,0.1295037242979154,58.56027118240301,0.0597630870786917,0.6636171035221384,4.9941005932063405,-0.0008034621350659,0.0001400018832112,1.0,0.0,0.0,0.0,0.0,0.0,0.0,0.0,0.0,0.0
tinyTimeMachine/vu/vUZAIqG6i-rjDzucuroghw/_201306/vUZAIqG6i-rjDzucuroghw__201306_35.650444_139.705557_300_012.jpg,2,1.5827880797964289,-0.6887203903243669,-16.442873602753654,0.2381044707084489,0.3610824116445185,34.748559105134895,0.0014714107538862,-0.0021471742069247,1.0,0.0,0.0,0.0,0.0,0.0,0.0,0.0,0.0,0.0
tinyTimeMachine/vu/vUZAIqG6i-rjDzucuroghw/_201306/vUZAIqG6i-rjDzucuroghw__201306_35.650444_139.705557_000_012.jpg,2,2.439095747201612,0.7229927872084401,-225.53044442548983,0.7750886197124314,2.93442378230829,-422.0563052688439,0.0025853734823281,0.001142578217559,1.0,0.0,0.0,0.0,0.0,0.0,0.0,0.0,0.0,0.0
tinyTimeMachine/vu/vUZAIqG6i-rjDzucuroghw/_201306/vUZAIqG6i-rjDzucuroghw__201306_35.650444_139.705557_030_012.jpg,2,2.1979494319800907,1.2835208274000456,-383.10985728302256,0.0161387297870429,3.0393107285635628,-260.7216670358709,0.0004704492473867,0.002943735957723,1.0,0.0,0.0,0.0,0.0,0.0,0.0,0.0,0.0,0.0
tinyTimeMachine/vu/vUZAIqG6i-rjDzucuroghw/_201306/vUZAIqG6i-rjDzucuroghw__201306_35.650444_139.705557_120_012.jpg,2,1.5983345717173707,0.1025485756718,-211.7877367797287,0.4779538490887979,1.0689090746262904,-205.27713915098832,0.0002386979383121,-3.177586135321739e-05,1.0,0.0,0.0,0.0,0.0,0.0,0.0,0.0,0.0,0.0
tinyTimeMachine/vu/vUZAIqG6i-rjDzucuroghw/_200912/vUZAIqG6i-rjDzucuroghw__200912_35.650444_139.705557_060_012.jpg,2,0.0836682208122807,-0.1739841734605321,149.56650017344143,-0.3872336279289403,0.2322874534283243,194.3372974441606,-0.0011674604001875,-0.0003831252310428,1.0,0.0,0.0,0.0,0.0,0.0,0.0,0.0,0.0,0.0
tinyTimeMachine/vu/vUZAIqG6i-rjDzucuroghw/_200912/vUZAIqG6i-rjDzucuroghw__200912_35.650444_139.705557_120_012.jpg,2,0.6727673185599011,0.6188858551865895,-89.21537240459757,-0.2381804664846553,1.0895890215251924,78.79757444917169,-0.0010884288949563,0.0013709865176625,1.0,0.0,0.0,0.0,0.0,0.0,0.0,0.0,0.0,0.0
tinyTimeMachine/vu/vUZAIqG6i-rjDzucuroghw/_200912/vUZAIqG6i-rjDzucuroghw__200912_35.650444_139.705557_090_012.jpg,2,0.4725214530287944,0.6811706519748304,-70.65917513280964,-0.3004040496554878,1.1957298256985691,9.975299074241011,-0.0009188284086479,0.0006094210148093,1.0,0.0,0.0,0.0,0.0,0.0,0.0,0.0,0.0,0.0
tinyTimeMachine/vu/vUZAIqG6i-rjDzucuroghw/_200912/vUZAIqG6i-rjDzucuroghw__200912_35.650444_139.705557_000_012.jpg,2,1.7770093974441308,-0.8017093301510623,25.93681370514122,0.6292647106608165,1.2443167107949906,-260.6690439354512,0.0017240570586434,-0.0014872997455022,1.0,0.0,0.0,0.0,0.0,0.0,0.0,0.0,0.0,0.0
tinyTimeMachine/vu/vUZAIqG6i-rjDzucuroghw/_200912/vUZAIqG6i-rjDzucuroghw__200912_35.650444_139.705557_030_012.jpg,2,0.5912192510677179,-0.5532095614337957,200.84011312023688,-0.3227452953689186,0.4381316504691695,180.23242238031955,-0.0002196949456698,-0.0009166202900448,1.0,0.0,0.0,0.0,0.0,0.0,0.0,0.0,0.0,0.0
tinyTimeMachine/vu/vUZAIqG6i-rjDzucuroghw/_200912/vUZAIqG6i-rjDzucuroghw__200912_35.650444_139.705557_150_012.jpg,2,0.5084845957265576,-0.3896541137218675,123.26269042379406,-0.0375875807482073,0.4744410035257142,18.67674025697365,-8.551028134687121e-05,-0.0013176155320508,1.0,0.0,0.0,0.0,0.0,0.0,0.0,0.0,0.0,0.0
tinyTimeMachine/78/78JsJfjjQBR-NJks7-8hdA/_201306/78JsJfjjQBR-NJks7-8hdA__201306_35.656581_139.689729_210_012.jpg,2,-11.500256678781552,-3.160861448215824,2592.8117004455225,-1.0402557889621034,-11.94877204870701,1606.2434957596256,-0.0098804219114695,-0.0151038351232396,1.0,0.0,0.0,0.0,0.0,0.0,0.0,0.0,0.0,0.0
tinyTimeMachine/78/78JsJfjjQBR-NJks7-8hdA/_201306/78JsJfjjQBR-NJks7-8hdA__201306_35.656581_139.689729_330_012.jpg,2,0.8959975828261912,0.4211735487398072,-12.948024045664232,-0.3140481951803289,1.6930908124659845,-41.260313808895866,-0.0005609543237855,0.0011643435342409,1.0,0.0,0.0,0.0,0.0,0.0,0.0,0.0,0.0,0.0
tinyTimeMachine/78/78JsJfjjQBR-NJks7-8hdA/_201306/78JsJfjjQBR-NJks7-8hdA__201306_35.656581_139.689729_270_012.jpg,2,0.6051374387571021,0.0624051292766697,-3.1862994377963787,-0.3139681700153035,0.8012108192346844,95.41434830587522,-0.0009610319932265,0.0001191393454219,1.0,0.0,0.0,0.0,0.0,0.0,0.0,0.0,0.0,0.0
tinyTimeMachine/78/78JsJfjjQBR-NJks7-8hdA/_201306/78JsJfjjQBR-NJks7-8hdA__201306_35.656581_139.689729_150_012.jpg,2,1.0513900809831946,-0.7547874202591719,120.3895127388792,0.317391261956361,0.4018398318849998,-49.17812494001421,0.0006510053658716,-0.0017351256337904,1.0,0.0,0.0,0.0,0.0,0.0,0.0,0.0,0.0,0.0
tinyTimeMachine/78/78JsJfjjQBR-NJks7-8hdA/_201306/78JsJfjjQBR-NJks7-8hdA__201306_35.656581_139.689729_240_012.jpg,2,0.6201049444521761,0.6765182461148875,-86.50665189652355,-0.2768030864657733,1.3075749869519069,29.067008936646623,-0.0011812131411792,0.0015557928485456,1.0,0.0,0.0,0.0,0.0,0.0,0.0,0.0,0.0,0.0
tinyTimeMachine/78/78JsJfjjQBR-NJks7-8hdA/_201306/78JsJfjjQBR-NJks7-8hdA__201306_35.656581_139.689729_000_012.jpg,2,0.2010583195655881,-0.4026545682596741,239.881128671736,-0.2743239252046945,0.3565695686241198,159.9964482251753,-0.0008555806445734,-0.0005437816860629,1.0,0.0,0.0,0.0,0.0,0.0,0.0,0.0,0.0,0.0
tinyTimeMachine/78/78JsJfjjQBR-NJks7-8hdA/_201306/78JsJfjjQBR-NJks7-8hdA__201306_35.656581_139.689729_090_012.jpg,2,0.6957764875533494,-0.1810445578756189,54.286467698149615,0.0025639581106303,0.6860232682256142,14.815127060909244,-0.0005979675809017,-0.0001487324523322,1.0,0.0,0.0,0.0,0.0,0.0,0.0,0.0,0.0,0.0
tinyTimeMachine/78/78JsJfjjQBR-NJks7-8hdA/_201306/78JsJfjjQBR-NJks7-8hdA__201306_35.656581_139.689729_180_012.jpg,2,-29.93948586531205,-8.697431760216578,7236.293791250611,-12.855892130522165,-17.643503105348433,5385.730360376222,-0.0342050697973254,-0.013124720129276,1.0,0.0,0.0,0.0,0.0,0.0,0.0,0.0,0.0,0.0
tinyTimeMachine/78/78JsJfjjQBR-NJks7-8hdA/_201306/78JsJfjjQBR-NJks7-8hdA__201306_35.656581_139.689729_300_012.jpg,2,1.0257982517125686,0.5618744935134061,-110.93389296958388,-0.0568524492001913,1.3131429591342276,-14.895150251110644,-0.0006504259885395,0.0013760602933197,1.0,0.0,0.0,0.0,0.0,0.0,0.0,0.0,0.0,0.0
tinyTimeMachine/78/78JsJfjjQBR-NJks7-8hdA/_201306/78JsJfjjQBR-NJks7-8hdA__201306_35.656581_139.689729_120_012.jpg,2,0.1812050560948297,-0.2513541383168396,186.51898031388748,-0.3250337173788208,0.2084523269527447,187.44448516737745,-0.0006752547703287,-0.0008644047295049,1.0,0.0,0.0,0.0,0.0,0.0,0.0,0.0,0.0,0.0
tinyTimeMachine/78/78JsJfjjQBR-NJks7-8hdA/_201306/78JsJfjjQBR-NJks7-8hdA__201306_35.656581_139.689729_060_012.jpg,2,1.9727418149549127,-0.7685216162967857,-123.50549450549236,0.6379564576285801,0.2957224924438054,-95.79078844652436,0.0022376682212747,-0.0027894301898985,1.0,0.0,0.0,0.0,0.0,0.0,0.0,0.0,0.0,0.0
tinyTimeMachine/78/78JsJfjjQBR-NJks7-8hdA/_201306/78JsJfjjQBR-NJks7-8hdA__201306_35.656581_139.689729_030_012.jpg,2,3.1274569479630223,-0.4013959670238271,-247.6560864293753,1.338737222392006,1.6815389645168026,-467.3914556369418,0.0023505705770829,0.0001889328089215,1.0,0.0,0.0,0.0,0.0,0.0,0.0,0.0,0.0,0.0
tinyTimeMachine/78/78JsJfjjQBR-NJks7-8hdA/_200909/78JsJfjjQBR-NJks7-8hdA__200909_35.656581_139.689729_000_012.jpg,2,1.1325979539324424,0.5224132161070371,-175.889777862489,-0.1771764400818382,1.5169118608532446,62.5834439625279,-0.000106843052819,0.0009280662755675,1.0,0.0,0.0,0.0,0.0,0.0,0.0,0.0,0.0,0.0
tinyTimeMachine/78/78JsJfjjQBR-NJks7-8hdA/_200909/78JsJfjjQBR-NJks7-8hdA__200909_35.656581_139.689729_030_012.jpg,2,0.468742891264789,-0.0836153131634798,44.74363057324759,-0.3635691537761607,0.4699158325750719,173.6560509554137,-0.0008317220200181,-0.0003293713982408,1.0,0.0,0.0,0.0,0.0,0.0,0.0,0.0,0.0,0.0
tinyTimeMachine/78/78JsJfjjQBR-NJks7-8hdA/_200909/78JsJfjjQBR-NJks7-8hdA__200909_35.656581_139.689729_060_012.jpg,2,1.4275830705345027,-0.4403917194128072,6.9170114736782295,0.7233874214399248,0.7222299881461223,-215.1549730491445,0.0015031722245831,-0.0018889833225231,1.0,0.0,0.0,0.0,0.0,0.0,0.0,0.0,0.0,0.0
tinyTimeMachine/78/78JsJfjjQBR-NJks7-8hdA/_200909/78JsJfjjQBR-NJks7-8hdA__200909_35.656581_139.689729_120_012.jpg,2,5.214194088645341,1.4897264283892668,-1074.481828104053,0.3474551818444278,7.293973437376003,-1070.385392229454,0.0024980868387049,0.0068110632995029,1.0,0.0,0.0,0.0,0.0,0.0,0.0,0.0,0.0,0.0
tinyTimeMachine/78/78JsJfjjQBR-NJks7-8hdA/_200909/78JsJfjjQBR-NJks7-8hdA__200909_35.656581_139.689729_150_012.jpg,2,0.4475825832707581,-0.2411152986911891,104.58507349026604,-0.2615951580566661,0.4242961589627433,153.02042708616025,-0.0004308159082602,-0.0008113558828057,1.0,0.0,0.0,0.0,0.0,0.0,0.0,0.0,0.0,0.0
tinyTimeMachine/78/78JsJfjjQBR-NJks7-8hdA/_200909/78JsJfjjQBR-NJks7-8hdA__200909_35.656581_139.689729_090_012.jpg,2,0.3962758662265822,-0.0965191180238316,69.44669891938167,-0.0882475019216019,0.5472552787448712,25.91852963783388,-0.0006165694563759,-0.0005515365254479,1.0,0.0,0.0,0.0,0.0,0.0,0.0,0.0,0.0,0.0
tinyTimeMachine/ov/oVZTE3Mjmpkv4PfFAso8hg/_201306/oVZTE3Mjmpkv4PfFAso8hg__201306_35.656397_139.717919_120_012.jpg,2,1.879488199092884,1.265208368941305,-125.61097294262385,0.0342719876845986,4.527619407228161,-584.2279036021972,0.0001831265456752,0.0043745443637138,1.0,0.0,0.0,0.0,0.0,0.0,0.0,0.0,0.0,0.0
tinyTimeMachine/ov/oVZTE3Mjmpkv4PfFAso8hg/_201306/oVZTE3Mjmpkv4PfFAso8hg__201306_35.656397_139.717919_210_012.jpg,2,0.9692036081245128,0.663225935598951,-170.04694435331385,-0.5566398148241842,1.707389471919411,102.32396373375052,-0.0010485274726121,0.0017786003317516,1.0,0.0,0.0,0.0,0.0,0.0,0.0,0.0,0.0,0.0
tinyTimeMachine/ov/oVZTE3Mjmpkv4PfFAso8hg/_201306/oVZTE3Mjmpkv4PfFAso8hg__201306_35.656397_139.717919_300_012.jpg,2,1.5431855225821485,-0.6549588110732366,85.24097231083114,0.3021587159809735,1.0157927596201264,-71.9500446599483,0.0009175036609003,-0.0004507768400201,1.0,0.0,0.0,0.0,0.0,0.0,0.0,0.0,0.0,0.0
tinyTimeMachine/ov/oVZTE3Mjmpkv4PfFAso8hg/_201306/oVZTE3Mjmpkv4PfFAso8hg__201306_35.656397_139.717919_090_012.jpg,2,0.5040565093467911,-0.419440636703722,170.51213966230227,-0.1127250560362287,0.2112323766849042,171.9576696221926,-0.0001893605762838,-0.0011349401436659,1.0,0.0,0.0,0.0,0.0,0.0,0.0,0.0,0.0,0.0
tinyTimeMachine/ov/oVZTE3Mjmpkv4PfFAso8hg/_201306/oVZTE3Mjmpkv4PfFAso8hg__201306_35.656397_139.717919_030_012.jpg,2,1.6498733703503718,0.1521269212024398,-199.1036491967075,0.4756303197507258,1.411921862398709,-155.64851351586455,0.0012369236392751,-0.000469240454184,1.0,0.0,0.0,0.0,0.0,0.0,0.0,0.0,0.0,0.0
tinyTimeMachine/ov/oVZTE3Mjmpkv4PfFAso8hg/_201306/oVZTE3Mjmpkv4PfFAso8hg__201306_35.656397_139.717919_330_012.jpg,2,-19.496661101836963,-2.175813856427429,4063.089315525992,-6.448420979410312,-13.452977184196262,3118.075959933308,-0.0245548135781865,-0.0092515303283251,1.0,0.0,0.0,0.0,0.0,0.0,0.0,0.0,0.0,0.0
tinyTimeMachine/ov/oVZTE3Mjmpkv4PfFAso8hg/_201306/oVZTE3Mjmpkv4PfFAso8hg__201306_35.656397_139.717919_150_012.jpg,2,0.2948502279140553,0.4202019216767103,149.9916500207417,-0.6055796810760392,0.9564341641182736,222.78346654650423,-0.001015813397151,0.0010761462789609,1.0,0.0,0.0,0.0,0.0,0.0,0.0,0.0,0.0,0.0
tinyTimeMachine/ov/oVZTE3Mjmpkv4PfFAso8hg/_201306/oVZTE3Mjmpkv4PfFAso8hg__201306_35.656397_139.717919_060_012.jpg,2,4.793570052071608,1.2746516492678548,-1006.038746686234,1.556765193383939,2.429677710046372,-340.7091527251437,0.0050527081741977,0.0005644629832102,1.0,0.0,0.0,0.0,0.0,0.0,0.0,0.0,0.0,0.0
tinyTimeMachine/ov/oVZTE3Mjmpkv4PfFAso8hg/_201306/oVZTE3Mjmpkv4PfFAso8hg__201306_35.656397_139.717919_180_012.jpg,2,0.2488268524269741,-0.720215864671442,272.357651456863,0.0433193715606842,0.0063392973458191,63.831841910364965,-0.0001085309201862,-0.0018308407508624,1.0,0.0,0.0,0.0,0.0,0.0,0.0,0.0,0.0,0.0
tinyTimeMachine/ov/oVZTE3Mjmpkv4PfFAso8hg/_201306/oVZTE3Mjmpkv4PfFAso8hg__201306_35.656397_139.717919_240_012.jpg,2,0.0940090346914622,-0.1893825319552191,218.57924360042568,-0.2366494646920958,0.4427871097271617,96.55615104600578,-0.0011077730508895,-0.0002261109405532,1.0,0.0,0.0,0.0,0.0,0.0,0.0,0.0,0.0,0.0
tinyTimeMachine/ov/oVZTE3Mjmpkv4PfFAso8hg/_201306/oVZTE3Mjmpkv4PfFAso8hg__201306_35.656397_139.717919_000_012.jpg,2,0.0069715369074048,-0.3431661188890666,275.0707700187794,-0.2159778541346548,0.3637533080075295,102.86337715553832,-0.0009180610096181,-0.0005307040009105,1.0,0.0,0.0,0.0,0.0,0.0,0.0,0.0,0.0,0.0
tinyTimeMachine/ov/oVZTE3Mjmpkv4PfFAso8hg/_201306/oVZTE3Mjmpkv4PfFAso8hg__201306_35.656397_139.717919_270_012.jpg,2,1.495121861424076,-0.2809501018579695,52.71865105661662,0.6635771789019066,1.367437351201468,-300.45467933142686,0.0009234715165795,-0.0004172495888863,1.0,0.0,0.0,0.0,0.0,0.0,0.0,0.0,0.0,0.0
tinyTimeMachine/ov/oVZTE3Mjmpkv4PfFAso8hg/_200911/oVZTE3Mjmpkv4PfFAso8hg__200911_35.656397_139.717919_060_012.jpg,2,2.108457521575552,-0.0210817727934328,-156.6247449480941,0.3861712739748884,1.3803057096363411,-182.20960355486412,0.0018004776083309,-0.0005012872249847,1.0,0.0,0.0,0.0,0.0,0.0,0.0,0.0,0.0,0.0
tinyTimeMachine/ov/oVZTE3Mjmpkv4PfFAso8hg/_200911/oVZTE3Mjmpkv4PfFAso8hg__200911_35.656397_139.717919_120_012.jpg,2,3.5711687562551377,0.7012409287153165,-523.3165915001048,0.4308847145973729,2.0519772050602496,24.462971570710664,0.0033052872032595,0.0008314908104169,1.0,0.0,0.0,0.0,0.0,0.0,0.0,0.0,0.0,0.0
tinyTimeMachine/ov/oVZTE3Mjmpkv4PfFAso8hg/_200911/oVZTE3Mjmpkv4PfFAso8hg__200911_35.656397_139.717919_090_012.jpg,2,0.2410163796650926,0.0260746866695955,181.8815935388017,-0.1426549128533478,0.7051897854637061,81.53281861360527,-0.0006405662614469,0.0001135539374664,1.0,0.0,0.0,0.0,0.0,0.0,0.0,0.0,0.0,0.0
tinyTimeMachine/ov/oVZTE3Mjmpkv4PfFAso8hg/_200911/oVZTE3Mjmpkv4PfFAso8hg__200911_35.656397_139.717919_030_012.jpg,2,1.90242264702342,0.1812142233068341,-299.94604121476084,0.2662687921788404,0.487978089599922,147.13185104844618,0.0017073014581827,-0.0014199581224391,1.0,0.0,0.0,0.0,0.0,0.0,0.0,0.0,0.0,0.0
tinyTimeMachine/ov/oVZTE3Mjmpkv4PfFAso8hg/_200911/oVZTE3Mjmpkv4PfFAso8hg__200911_35.656397_139.717919_150_012.jpg,2,1.5476476827229653,0.2854316934295162,-216.63397739079423,-0.0927166822756541,1.7084431118137178,-69.11600074240803,0.0007600937534889,0.0003294243305379,1.0,0.0,0.0,0.0,0.0,0.0,0.0,0.0,0.0,0.0
tinyTimeMachine/ov/oVZTE3Mjmpkv4PfFAso8hg/_200911/oVZTE3Mjmpkv4PfFAso8hg__200911_35.656397_139.717919_000_012.jpg,2,54.54888188781586,8.274153694094062,-11273.316975536964,20.859012849023088,43.39857919446328,-10297.68435878385,0.0568507536446726,0.0352483320978488,1.0,0.0,0.0,0.0,0.0,0.0,0.0,0.0,0.0,0.0
tinyTimeMachine/uz/uZqa6HeMm5w70J6VMC_RAQ/_200909/uZqa6HeMm5w70J6VMC_RAQ__200909_35.652285_139.685797_090_012.jpg,2,2.1628119114877538,0.3929790489642273,-188.3799435028249,0.8045550847457575,2.7773069679849423,-522.3799435028244,0.0009121939736346,0.0023246233521657,1.0,0.0,0.0,0.0,0.0,0.0,0.0,0.0,0.0,0.0
tinyTimeMachine/uz/uZqa6HeMm5w70J6VMC_RAQ/_200909/uZqa6HeMm5w70J6VMC_RAQ__200909_35.652285_139.685797_030_012.jpg,2,0.0787404779346653,0.1581710213208241,155.18147344833753,-0.2019479835485534,0.934898211284708,-1.7276318246484976,-0.0013546948390525,0.0006416300558345,1.0,0.0,0.0,0.0,0.0,0.0,0.0,0.0,0.0,0.0
tinyTimeMachine/uz/uZqa6HeMm5w70J6VMC_RAQ/_200909/uZqa6HeMm5w70J6VMC_RAQ__200909_35.652285_139.685797_150_012.jpg,2,-0.1353178149047883,-0.1355092571551847,228.2360288695383,-0.3419599935786849,0.2935641990041746,150.29719118666662,-0.0012258962356125,-0.0004302563786798,1.0,0.0,0.0,0.0,0.0,0.0,0.0,0.0,0.0,0.0
tinyTimeMachine/uz/uZqa6HeMm5w70J6VMC_RAQ/_200909/uZqa6HeMm5w70J6VMC_RAQ__200909_35.652285_139.685797_060_012.jpg,2,5.804479209383588,2.635974441080399,-1020.9244487876316,2.184098094132888,8.070116888140426,-1576.2987845843666,0.0031425139529945,0.0103047845901934,1.0,0.0,0.0,0.0,0.0,0.0,0.0,0.0,0.0,0.0
tinyTimeMachine/uz/uZqa6HeMm5w70J6VMC_RAQ/_200909/uZqa6HeMm5w70J6VMC_RAQ__200909_35.652285_139.685797_120_012.jpg,2,7.204296106727264,1.4417164285206578,-1181.8726807421526,3.2545121363632394,6.610289645584992,-1574.9424895144534,0.0064315221598223,0.0049218817879513,1.0,0.0,0.0,0.0,0.0,0.0,0.0,0.0,0.0,0.0
tinyTimeMachine/uz/uZqa6HeMm5w70J6VMC_RAQ/_200909/uZqa6HeMm5w70J6VMC_RAQ__200909_35.652285_139.685797_000_012.jpg,2,0.0802034268829986,-0.2175704075624594,243.9369357582065,-0.2443044288891803,0.2862845632169072,152.12933403113726,-0.0008443183304984,-0.0004395361768938,1.0,0.0,0.0,0.0,0.0,0.0,0.0,0.0,0.0,0.0
tinyTimeMachine/uz/uZqa6HeMm5w70J6VMC_RAQ/_201307/uZqa6HeMm5w70J6VMC_RAQ__201307_35.652285_139.685797_030_012.jpg,2,-0.0343537701062632,0.1440546526921323,196.0449721154492,-0.5132617981143003,0.7015680172235426,182.13326808247172,-0.001195770135724,0.0003372285603916,1.0,0.0,0.0,0.0,0.0,0.0,0.0,0.0,0.0,0.0
tinyTimeMachine/uz/uZqa6HeMm5w70J6VMC_RAQ/_201307/uZqa6HeMm5w70J6VMC_RAQ__201307_35.652285_139.685797_150_012.jpg,2,0.451906112113313,-0.2850116657728122,218.48166183174345,-0.1910945765583483,0.8571954760976158,24.802857073205494,-0.0003255446397373,-0.0003354481038167,1.0,0.0,0.0,0.0,0.0,0.0,0.0,0.0,0.0,0.0
tinyTimeMachine/uz/uZqa6HeMm5w70J6VMC_RAQ/_201307/uZqa6HeMm5w70J6VMC_RAQ__201307_35.652285_139.685797_210_012.jpg,2,0.2399835883474328,-0.1067980188159389,89.37686398953292,-0.2889879873774671,0.3196902263747415,160.7117324164015,-0.0010224135441803,-0.0003738291597056,1.0,0.0,0.0,0.0,0.0,0.0,0.0,0.0,0.0,0.0
tinyTimeMachine/uz/uZqa6HeMm5w70J6VMC_RAQ/_201307/uZqa6HeMm5w70J6VMC_RAQ__201307_35.652285_139.685797_120_012.jpg,2,0.3919265704732779,0.5817635712347877,40.238531628279546,-0.3333803796969789,1.3839409972954215,18.62287634902225,-0.0012557549737853,0.0015063042127284,1.0,0.0,0.0,0.0,0.0,0.0,0.0,0.0,0.0,0.0
tinyTimeMachine/uz/uZqa6HeMm5w70J6VMC_RAQ/_201307/uZqa6HeMm5w70J6VMC_RAQ__201307_35.652285_139.685797_270_012.jpg,2,0.1844300641097004,0.0501469700995579,71.74848923215812,-0.3259731895955926,0.6605649283847328,99.81009858313584,-0.0012962550822585,0.0001864094103255,1.0,0.0,0.0,0.0,0.0,0.0,0.0,0.0,0.0,0.0
tinyTimeMachine/uz/uZqa6HeMm5w70J6VMC_RAQ/_201307/uZqa6HeMm5w70J6VMC_RAQ__201307_35.652285_139.685797_060_012.jpg,2,1.1178929488772955,-0.2167453807274807,-6.4373353219009495,0.0081935123042507,1.1118713232247983,-62.35543127019744,-0.0001325710497969,-0.0002029994200016,1.0,0.0,0.0,0.0,0.0,0.0,0.0,0.0,0.0,0.0
tinyTimeMachine/uz/uZqa6HeMm5w70J6VMC_RAQ/_201307/uZqa6HeMm5w70J6VMC_RAQ__201307_35.652285_139.685797_090_012.jpg,2,1.4328501024323417,-0.5017539690850271,-2.489121766940848,0.3621103745291197,0.7089216815549487,-75.62697447381146,0.0014784220856457,-0.001653281996343,1.0,0.0,0.0,0.0,0.0,0.0,0.0,0.0,0.0,0.0
tinyTimeMachine/uz/uZqa6HeMm5w70J6VMC_RAQ/_201307/uZqa6HeMm5w70J6VMC_RAQ__201307_35.652285_139.685797_240_012.jpg,2,-4.913099360067651,-0.8059678038713141,1028.263719502386,-2.3355563636051864,-2.675201064909244,839.7806424208908,-0.0078546175744353,-0.0018207931900725,1.0,0.0,0.0,0.0,0.0,0.0,0.0,0.0,0.0,0.0
tinyTimeMachine/uz/uZqa6HeMm5w70J6VMC_RAQ/_201307/uZqa6HeMm5w70J6VMC_RAQ__201307_35.652285_139.685797_330_012.jpg,2,1.8945102890406404,-0.217639834151813,-105.9829022685715,-0.1147058302387546,2.116620473384788,-145.85278642477246,0.0008097035734202,0.0005722868907445,1.0,0.0,0.0,0.0,0.0,0.0,0.0,0.0,0.0,0.0
tinyTimeMachine/uz/uZqa6HeMm5w70J6VMC_RAQ/_201307/uZqa6HeMm5w70J6VMC_RAQ__201307_35.652285_139.685797_180_012.jpg,2,-0.1398290396900162,1.4086859880616365,-33.74148916117778,-0.6810383286208056,2.059158027018614,22.93907634306398,-0.0025120431458791,0.0032791391768773,1.0,0.0,0.0,0.0,0.0,0.0,0.0,0.0,0.0,0.0
tinyTimeMachine/uz/uZqa6HeMm5w70J6VMC_RAQ/_201307/uZqa6HeMm5w70J6VMC_RAQ__201307_35.652285_139.685797_300_012.jpg,2,0.6326512334226553,-0.0312709064096653,38.245815301286,-0.0495802232112657,0.6836119630277354,14.038922566928472,-0.0007181640012382,-3.801165394593908e-06,1.0,0.0,0.0,0.0,0.0,0.0,0.0,0.0,0.0,0.0
tinyTimeMachine/uz/uZqa6HeMm5w70J6VMC_RAQ/_201307/uZqa6HeMm5w70J6VMC_RAQ__201307_35.652285_139.685797_000_012.jpg,2,1.9505555184051675,3.3299240755455246,-708.0861294459166,-0.6630976076028076,5.07969150322684,-360.4933955361839,-0.0009651997073424,0.0071002575177076,1.0,0.0,0.0,0.0,0.0,0.0,0.0,0.0,0.0,0.0
tinyTimeMachine/h-/H-Wq0lSLCASKTQXErIBU7A/_201306/H-Wq0lSLCASKTQXErIBU7A__201306_35.650237_139.701699_210_012.jpg,2,2.3788861120166582,0.6388330496094473,-451.8535622442082,0.151136555712515,1.7737807417871307,-122.22097866638236,0.0008685271710915,0.0007568486121675,1.0,0.0,0.0,0.0,0.0,0.0,0.0,0.0,0.0,0.0
tinyTimeMachine/h-/H-Wq0lSLCASKTQXErIBU7A/_201306/H-Wq0lSLCASKTQXErIBU7A__201306_35.650237_139.701699_270_012.jpg,2,1.5141905868000975,-0.2597002302544822,-124.83343619384917,0.5684515328917261,0.7192255751298307,-125.70086092223475,0.0009171916604207,-0.0012202025249216,1.0,0.0,0.0,0.0,0.0,0.0,0.0,0.0,0.0,0.0
tinyTimeMachine/h-/H-Wq0lSLCASKTQXErIBU7A/_201306/H-Wq0lSLCASKTQXErIBU7A__201306_35.650237_139.701699_330_012.jpg,2,2.49486747460809,0.0867458537179734,-254.3014250624347,0.3895883237584921,1.5833339677094538,-131.32122774609385,0.0018834625768864,-0.0003431974584356,1.0,0.0,0.0,0.0,0.0,0.0,0.0,0.0,0.0,0.0
tinyTimeMachine/h-/H-Wq0lSLCASKTQXErIBU7A/_201306/H-Wq0lSLCASKTQXErIBU7A__201306_35.650237_139.701699_120_012.jpg,2,0.8470524559909424,-0.3709581440469184,87.92711527540312,0.0948636630972665,0.419599422676555,86.23107609312444,0.0005117492766555,-0.00117949081961,1.0,0.0,0.0,0.0,0.0,0.0,0.0,0.0,0.0,0.0
tinyTimeMachine/h-/H-Wq0lSLCASKTQXErIBU7A/_201306/H-Wq0lSLCASKTQXErIBU7A__201306_35.650237_139.701699_030_012.jpg,2,0.0192159281424038,-0.2843459310592358,261.47122424348584,-0.197576602292668,0.4184129555215788,65.55453422643839,-0.0010283624939145,-0.0004140126806914,1.0,0.0,0.0,0.0,0.0,0.0,0.0,0.0,0.0,0.0
tinyTimeMachine/h-/H-Wq0lSLCASKTQXErIBU7A/_201306/H-Wq0lSLCASKTQXErIBU7A__201306_35.650237_139.701699_300_012.jpg,2,0.41171259505415,-0.4928991689009477,180.62474960327327,-0.2206538549020728,0.0847118875178275,186.66182017453377,-0.0002092311097021,-0.0013994480221329,1.0,0.0,0.0,0.0,0.0,0.0,0.0,0.0,0.0,0.0
tinyTimeMachine/h-/H-Wq0lSLCASKTQXErIBU7A/_201306/H-Wq0lSLCASKTQXErIBU7A__201306_35.650237_139.701699_000_012.jpg,2,0.3677595166673772,1.0176483221621062,22.6637647158228,0.0147077462951013,1.982327860799144,-173.05514286495256,-0.0013855303412505,0.0025174609959747,1.0,0.0,0.0,0.0,0.0,0.0,0.0,0.0,0.0,0.0
tinyTimeMachine/h-/H-Wq0lSLCASKTQXErIBU7A/_201306/H-Wq0lSLCASKTQXErIBU7A__201306_35.650237_139.701699_150_012.jpg,2,0.7979575591471568,-0.1737888436580405,16.892305832087466,0.2094624947939713,0.5848180998347683,-39.70811333682804,-0.0001223835529939,-0.0006266121881423,1.0,0.0,0.0,0.0,0.0,0.0,0.0,0.0,0.0,0.0
tinyTimeMachine/h-/H-Wq0lSLCASKTQXErIBU7A/_201306/H-Wq0lSLCASKTQXErIBU7A__201306_35.650237_139.701699_240_012.jpg,2,1.8747715621866352,-0.3208239224764028,-205.78181494428628,0.3395562136647204,0.9393054397096048,-140.93565316814056,0.0015971122336454,-0.0014951938246034,1.0,0.0,0.0,0.0,0.0,0.0,0.0,0.0,0.0,0.0
tinyTimeMachine/h-/H-Wq0lSLCASKTQXErIBU7A/_201306/H-Wq0lSLCASKTQXErIBU7A__201306_35.650237_139.701699_060_012.jpg,2,12.479560962247136,3.9626242376951866,-2892.40336022842,4.437052785801997,11.4931368357848,-2588.229272503879,0.0084458805104535,0.0104796156102311,1.0,0.0,0.0,0.0,0.0,0.0,0.0,0.0,0.0,0.0
tinyTimeMachine/h-/H-Wq0lSLCASKTQXErIBU7A/_201306/H-Wq0lSLCASKTQXErIBU7A__201306_35.650237_139.701699_090_012.jpg,2,0.454029790766518,-0.1357469398171277,162.01665830671044,-0.4935542194297026,0.8361080677948344,179.0625148499157,-0.0007029877299353,-1.3474924540402868e-05,1.0,0.0,0.0,0.0,0.0,0.0,0.0,0.0,0.0,0.0
tinyTimeMachine/h-/H-Wq0lSLCASKTQXErIBU7A/_201306/H-Wq0lSLCASKTQXErIBU7A__201306_35.650237_139.701699_180_012.jpg,2,1.227928207473203,3.656674614580605,-544.8786255552618,-0.7606589147286875,5.247561188049806,-349.31042592108366,-0.0015160918038498,0.0076403405626687,1.0,0.0,0.0,0.0,0.0,0.0,0.0,0.0,0.0,0.0
tinyTimeMachine/h-/H-Wq0lSLCASKTQXErIBU7A/_200912/H-Wq0lSLCASKTQXErIBU7A__200912_35.650237_139.701699_120_012.jpg,2,0.3186285358269052,-0.0605166664854691,192.55111764769688,-0.4543710018838396,1.1158435795373172,128.09804207815765,-0.0008473793168783,0.00046358346133,1.0,0.0,0.0,0.0,0.0,0.0,0.0,0.0,0.0,0.0
tinyTimeMachine/h-/H-Wq0lSLCASKTQXErIBU7A/_200912/H-Wq0lSLCASKTQXErIBU7A__200912_35.650237_139.701699_090_012.jpg,2,-70.58926115525824,11.595103020578891,9463.64585880216,-30.152802185208454,-20.727893235534246,7392.481433374232,-0.1022883557457234,0.0138039934800329,1.0,0.0,0.0,0.0,0.0,0.0,0.0,0.0,0.0,0.0
tinyTimeMachine/h-/H-Wq0lSLCASKTQXErIBU7A/_200912/H-Wq0lSLCASKTQXErIBU7A__200912_35.650237_139.701699_000_012.jpg,2,0.4403863647639305,0.5093641196383748,-34.887854840390766,-0.1533587291975472,0.9538023200337838,17.780704920001817,-0.001294684453796,0.0008141900134633,1.0,0.0,0.0,0.0,0.0,0.0,0.0,0.0,0.0,0.0
tinyTimeMachine/h-/H-Wq0lSLCASKTQXErIBU7A/_200912/H-Wq0lSLCASKTQXErIBU7A__200912_35.650237_139.701699_150_012.jpg,2,1.3729505813953533,-0.298206395348838,-70.82260465116346,0.0980067829457367,1.0954660852713212,-96.01627906976788,0.0001501937984496,-0.000343992248062,1.0,0.0,0.0,0.0,0.0,0.0,0.0,0.0,0.0,0.0
tinyTimeMachine/h-/H-Wq0lSLCASKTQXErIBU7A/_200912/H-Wq0lSLCASKTQXErIBU7A__200912_35.650237_139.701699_060_012.jpg,2,0.4836534241765988,-0.1074257235643838,56.13597524850053,-0.1843638228775829,0.5162966559146968,103.81196761240128,-0.0006899644526364,-0.0004233592258573,1.0,0.0,0.0,0.0,0.0,0.0,0.0,0.0,0.0,0.0
tinyTimeMachine/h-/H-Wq0lSLCASKTQXErIBU7A/_200912/H-Wq0lSLCASKTQXErIBU7A__200912_35.650237_139.701699_030_012.jpg,2,0.7880794543439056,0.1324413632783687,67.33895700013588,-0.1257340812403359,0.9550193440731524,118.9358629060647,2.154661610390688e-05,1.9451806205012655e-05,1.0,0.0,0.0,0.0,0.0,0.0,0.0,0.0,0.0,0.0
